kx,ky,kz,g0,g1,p0,p1,Real,Imaginary
0,0,0,0,0,0,0,1.0,0.0
0,0,0,0,0,0,0.1,0.9,-0.0
0,0,0,0,0,0.1,0,0.9,0.0
0,0,0,0,0,0.1,0.1,0.81,-0.0
0,0,0,0,2500000.0,0,0,0.879741,-0.0001804
0,0,0,0,2500000.0,0,0.1,0.7917669,-0.0001624
0,0,0,0,2500000.0,0.1,0,0.7917669,-0.0001624
0,0,0,0,2500000.0,0.1,0.1,0.7125902,-0.0001461
0,0,0,2500000.0,0,0,0,0.8797856,-0.0001759
0,0,0,2500000.0,0,0,0.1,0.791807,-0.0001584
0,0,0,2500000.0,0,0.1,0,0.791807,-0.0001584
0,0,0,2500000.0,0,0.1,0.1,0.7126263,-0.0001425
0,0,0,2500000.0,2500000.0,0,0,0.7740315,-0.0003112
0,0,0,2500000.0,2500000.0,0,0.1,0.6966284,-0.0002801
0,0,0,2500000.0,2500000.0,0.1,0,0.6966284,-0.0002801
0,0,0,2500000.0,2500000.0,0.1,0.1,0.6269655,-0.0002521
0,0,1,0,0,0,0,0.1741656,-0.0714915
0,0,1,0,0,0,0.1,0.1523713,-0.0884321
0,0,1,0,0,0.1,0,0.1521884,-0.0882008
0,0,1,0,0,0.1,0.1,0.1331784,-0.0960463
0,0,1,0,2500000.0,0,0,0.1474778,-0.0950554
0,0,1,0,2500000.0,0,0.1,0.1288016,-0.1024159
0,0,1,0,2500000.0,0.1,0,0.1289283,-0.098846
0,0,1,0,2500000.0,0.1,0.1,0.1124675,-0.1022065
0,0,1,2500000.0,0,0,0,0.1471787,-0.0946195
0,0,1,2500000.0,0,0,0.1,0.1287861,-0.0986433
0,0,1,2500000.0,0,0.1,0,0.1284409,-0.1019716
0,0,1,2500000.0,0,0.1,0.1,0.1122492,-0.1019482
0,0,1,2500000.0,2500000.0,0,0,0.1251219,-0.0963189
0,0,1,2500000.0,2500000.0,0,0.1,0.109172,-0.0984104
0,0,1,2500000.0,2500000.0,0.1,0,0.1090919,-0.098321
0,0,1,2500000.0,2500000.0,0.1,0.1,0.0950415,-0.0977804
0,0,2,0,0,0,0,0.7780542,0.0002461
0,0,2,0,0,0,0.1,0.6958698,0.0002237
0,0,2,0,0,0.1,0,0.6958694,0.0002281
0,0,2,0,0,0.1,0.1,0.6223226,0.0002073
0,0,2,0,2500000.0,0,0,0.6785707,7.72e-05
0,0,2,0,2500000.0,0,0.1,0.6063102,7.05e-05
0,0,2,0,2500000.0,0.1,0,0.6071412,7.5e-05
0,0,2,0,2500000.0,0.1,0.1,0.5424461,6.86e-05
0,0,2,2500000.0,0,0,0,0.6785513,0.0001051
0,0,2,2500000.0,0,0,0.1,0.6071247,9.76e-05
0,0,2,2500000.0,0,0.1,0,0.6062886,9.97e-05
0,0,2,2500000.0,0,0.1,0.1,0.5424276,9.25e-05
0,0,2,2500000.0,2500000.0,0,0,0.5934461,-3.04e-05
0,0,2,2500000.0,2500000.0,0,0.1,0.5305255,-2.53e-05
0,0,2,2500000.0,2500000.0,0.1,0,0.5305215,-2.31e-05
0,0,2,2500000.0,2500000.0,0.1,0.1,0.4742342,-1.89e-05
0,0,3,0,0,0,0,0.8984829,0.0001339
0,0,3,0,0,0,0.1,0.8067005,0.0001227
0,0,3,0,0,0.1,0,0.8066994,0.0001241
0,0,3,0,0,0.1,0.1,0.7242859,0.0001136
0,0,3,0,2500000.0,0,0,0.7878171,-4.59e-05
0,0,3,0,2500000.0,0,0.1,0.7070997,-4.02e-05
0,0,3,0,2500000.0,0.1,0,0.7074613,-3.86e-05
0,0,3,0,2500000.0,0.1,0.1,0.6349704,-3.37e-05
0,0,3,2500000.0,0,0,0,0.7878282,-2.88e-05
0,0,3,2500000.0,0,0,0.1,0.7074722,-2.38e-05
0,0,3,2500000.0,0,0.1,0,0.7071071,-2.36e-05
0,0,3,2500000.0,0,0.1,0.1,0.6349779,-1.93e-05
0,0,3,2500000.0,2500000.0,0,0,0.6915556,-0.0001683
0,0,3,2500000.0,2500000.0,0,0.1,0.6208293,-0.0001503
0,0,3,2500000.0,2500000.0,0.1,0,0.6208272,-0.0001499
0,0,3,2500000.0,2500000.0,0.1,0.1,0.5573285,-0.0001338
0,0,4,0,0,0,0,0.9423074,8.15e-05
0,0,4,0,0,0,0.1,0.846988,7.49e-05
0,0,4,0,0,0.1,0,0.8469873,7.55e-05
0,0,4,0,0,0.1,0.1,0.761308,6.94e-05
0,0,4,0,2500000.0,0,0,0.827509,-9.98e-05
0,0,4,0,2500000.0,0,0.1,0.7436695,-8.92e-05
0,0,4,0,2500000.0,0.1,0,0.7438726,-8.83e-05
0,0,4,0,2500000.0,0.1,0.1,0.6685049,-7.89e-05
0,0,4,2500000.0,0,0,0,0.8275339,-8.72e-05
0,0,4,2500000.0,0,0,0.1,0.7438955,-7.71e-05
0,0,4,2500000.0,0,0.1,0,0.7436906,-7.73e-05
0,0,4,2500000.0,0,0.1,0.1,0.6685242,-6.84e-05
0,0,4,2500000.0,2500000.0,0,0,0.7271692,-0.0002261
0,0,4,2500000.0,2500000.0,0,0.1,0.653569,-0.0002029
0,0,4,2500000.0,2500000.0,0.1,0,0.653568,-0.0002029
0,0,4,2500000.0,2500000.0,0.1,0.1,0.5874155,-0.0001821
0,1,0,0,0,0,0,0.1838946,-0.0740605
0,1,0,0,0,0,0.1,0.1620685,-0.0906625
0,1,0,0,0,0.1,0,0.1612522,-0.0896551
0,1,0,0,0,0.1,0.1,0.1419952,-0.0974585
0,1,0,0,2500000.0,0,0,0.1576278,-0.0784601
0,1,0,0,2500000.0,0,0.1,0.1389835,-0.0896003
0,1,0,0,2500000.0,0.1,0,0.1381979,-0.0887703
0,1,0,0,2500000.0,0.1,0.1,0.1216585,-0.0937279
0,1,0,2500000.0,0,0,0,0.1573778,-0.0768935
0,1,0,2500000.0,0,0,0.1,0.1387229,-0.0884724
0,1,0,2500000.0,0,0.1,0,0.1380331,-0.0876147
0,1,0,2500000.0,0,0.1,0.1,0.1214738,-0.092826
0,1,0,2500000.0,2500000.0,0,0,0.1347967,-0.0777631
0,1,0,2500000.0,2500000.0,0,0.1,0.1188377,-0.0857128
0,1,0,2500000.0,2500000.0,0.1,0,0.11816,-0.0849965
0,1,0,2500000.0,2500000.0,0.1,0.1,0.1039477,-0.0882163
0,1,1,0,0,0,0,0.1495901,-0.0027912
0,1,1,0,0,0,0.1,0.1241317,-0.0025205
0,1,1,0,0,0.1,0,0.1246386,-0.0023795
0,1,1,0,0,0.1,0.1,0.1037367,-0.0020696
0,1,1,0,2500000.0,0,0,0.1268521,-0.0022915
0,1,1,0,2500000.0,0,0.1,0.1049347,-0.0019938
0,1,1,0,2500000.0,0.1,0,0.1065841,-0.0019155
0,1,1,0,2500000.0,0.1,0.1,0.0885448,-0.0016038
0,1,1,2500000.0,0,0,0,0.1271148,-0.0025005
0,1,1,2500000.0,0,0,0.1,0.1064033,-0.002226
0,1,1,2500000.0,0,0.1,0,0.1056431,-0.0021551
0,1,1,2500000.0,0,0.1,0.1,0.0887983,-0.0018629
0,1,1,2500000.0,2500000.0,0,0,0.1115045,-0.0020763
0,1,1,2500000.0,2500000.0,0,0.1,0.0931751,-0.0018075
0,1,1,2500000.0,2500000.0,0.1,0,0.0935477,-0.0017734
0,1,1,2500000.0,2500000.0,0.1,0.1,0.0785181,-0.0015013
0,1,2,0,0,0,0,0.1469973,-0.0462699
0,1,2,0,0,0,0.1,0.1219202,-0.0706092
0,1,2,0,0,0.1,0,0.1211247,-0.0693192
0,1,2,0,0,0.1,0.1,0.1034766,-0.0814646
0,1,2,0,2500000.0,0,0,0.1189692,-0.0539895
0,1,2,0,2500000.0,0,0.1,0.0999972,-0.0721664
0,1,2,0,2500000.0,0.1,0,0.0997204,-0.0701686
0,1,2,0,2500000.0,0.1,0.1,0.0852845,-0.0794295
0,1,2,2500000.0,0,0,0,0.1195495,-0.0524664
0,1,2,2500000.0,0,0,0.1,0.100599,-0.0701124
0,1,2,2500000.0,0,0.1,0,0.0993699,-0.0700047
0,1,2,2500000.0,0,0.1,0.1,0.0852735,-0.0785932
0,1,2,2500000.0,2500000.0,0,0,0.0976772,-0.0522848
0,1,2,2500000.0,2500000.0,0,0.1,0.0824323,-0.0673851
0,1,2,2500000.0,2500000.0,0.1,0,0.0816901,-0.0664446
0,1,2,2500000.0,2500000.0,0.1,0.1,0.0701266,-0.0737809
0,1,3,0,0,0,0,0.1694994,-0.0647891
0,1,3,0,0,0,0.1,0.1465225,-0.0828049
0,1,3,0,0,0.1,0,0.1458618,-0.0817408
0,1,3,0,0,0.1,0.1,0.1268517,-0.0904816
0,1,3,0,2500000.0,0,0,0.1428459,-0.0698147
0,1,3,0,2500000.0,0,0.1,0.1238221,-0.0823522
0,1,3,0,2500000.0,0.1,0,0.123415,-0.0811234
0,1,3,0,2500000.0,0.1,0.1,0.1072502,-0.0871434
0,1,3,2500000.0,0,0,0,0.1429508,-0.068214
0,1,3,2500000.0,0,0,0.1,0.1239906,-0.0808422
0,1,3,2500000.0,0,0.1,0,0.1232316,-0.0802836
0,1,3,2500000.0,0,0.1,0.1,0.1072015,-0.0862115
0,1,3,2500000.0,2500000.0,0,0,0.1208137,-0.0683074
0,1,3,2500000.0,2500000.0,0,0.1,0.1048231,-0.0777314
0,1,3,2500000.0,2500000.0,0.1,0,0.1042927,-0.0769461
0,1,3,2500000.0,2500000.0,0.1,0.1,0.0906064,-0.0812356
0,1,4,0,0,0,0,0.1771698,-0.0682726
0,1,4,0,0,0,0.1,0.1542527,-0.0856118
0,1,4,0,0,0.1,0,0.1535762,-0.0845578
0,1,4,0,0,0.1,0.1,0.1341835,-0.0928839
0,1,4,0,2500000.0,0,0,0.1503665,-0.0730298
0,1,4,0,2500000.0,0,0.1,0.131177,-0.0848893
0,1,4,0,2500000.0,0.1,0,0.1306652,-0.0838406
0,1,4,0,2500000.0,0.1,0.1,0.1141076,-0.0893823
0,1,4,2500000.0,0,0,0,0.1503493,-0.0713535
0,1,4,2500000.0,0,0,0.1,0.1311883,-0.0834991
0,1,4,2500000.0,0,0.1,0,0.1305031,-0.0827751
0,1,4,2500000.0,0,0.1,0.1,0.1140159,-0.0884085
0,1,4,2500000.0,2500000.0,0,0,0.1278058,-0.0718125
0,1,4,2500000.0,2500000.0,0,0.1,0.1115593,-0.0805469
0,1,4,2500000.0,2500000.0,0.1,0,0.1110164,-0.0797769
0,1,4,2500000.0,2500000.0,0.1,0.1,0.0969022,-0.0836043
0,2,0,0,0,0,0,0.7830527,0.0009264
0,2,0,0,0,0,0.1,0.7005231,0.0008513
0,2,0,0,0,0.1,0,0.70055,0.0008539
0,2,0,0,0,0.1,0.1,0.6266774,0.0007846
0,2,0,0,2500000.0,0,0,0.6857236,0.0006729
0,2,0,0,2500000.0,0,0.1,0.613288,0.0006223
0,2,0,0,2500000.0,0.1,0,0.6133121,0.0006238
0,2,0,0,2500000.0,0.1,0.1,0.5484884,0.0005768
0,2,0,2500000.0,0,0,0,0.6858879,0.0007645
0,2,0,2500000.0,0,0,0.1,0.6134335,0.0007066
0,2,0,2500000.0,0,0.1,0,0.6134713,0.0007126
0,2,0,2500000.0,0,0.1,0.1,0.5486298,0.0006583
0,2,0,2500000.0,2500000.0,0,0,0.6006066,0.0005502
0,2,0,2500000.0,2500000.0,0,0.1,0.5370084,0.0005126
0,2,0,2500000.0,2500000.0,0.1,0,0.5370425,0.0005175
0,2,0,2500000.0,2500000.0,0.1,0.1,0.4801392,0.0004817
0,2,1,0,0,0,0,0.1516281,-0.0105083
0,2,1,0,0,0,0.1,0.0974556,-0.0102893
0,2,1,0,0,0.1,0,0.0984863,-0.0100779
0,2,1,0,0,0.1,0.1,0.0807258,-0.0851314
0,2,1,0,2500000.0,0,0,0.0876241,-0.0082781
0,2,1,0,2500000.0,0,0.1,0.0795691,-0.088167
0,2,1,0,2500000.0,0.1,0,0.0780811,-0.084595
0,2,1,0,2500000.0,0.1,0.1,0.06999,-0.0917175
0,2,1,2500000.0,0,0,0,0.0900851,-0.0084913
0,2,1,2500000.0,0,0,0.1,0.0779654,-0.0846659
0,2,1,2500000.0,0,0.1,0,0.0789284,-0.0883386
0,2,1,2500000.0,0,0.1,0.1,0.0697489,-0.0917654
0,2,1,2500000.0,2500000.0,0,0,0.0730913,-0.0788174
0,2,1,2500000.0,2500000.0,0,0.1,0.0662239,-0.0857589
0,2,1,2500000.0,2500000.0,0.1,0,0.0660536,-0.0858072
0,2,1,2500000.0,2500000.0,0.1,0.1,0.0580815,-0.0880313
0,2,2,0,0,0,0,0.6044411,-6.7e-06
0,2,2,0,0,0,0.1,0.5357733,-2.44e-05
0,2,2,0,0,0.1,0,0.5357866,-2.61e-05
0,2,2,0,0,0.1,0.1,0.4747195,-4.09e-05
0,2,2,0,2500000.0,0,0,0.5235424,-0.0001002
0,2,2,0,2500000.0,0,0.1,0.4631777,-0.0001055
0,2,2,0,2500000.0,0.1,0,0.4640871,-0.0001077
0,2,2,0,2500000.0,0.1,0.1,0.410381,-0.0001116
0,2,2,2500000.0,0,0,0,0.523614,-4.92e-05
0,2,2,2500000.0,0,0,0.1,0.464139,-5.56e-05
0,2,2,2500000.0,0,0.1,0,0.463259,-6.27e-05
0,2,2,2500000.0,0,0.1,0.1,0.410443,-6.74e-05
0,2,2,2500000.0,2500000.0,0,0,0.4551771,-0.0001233
0,2,2,2500000.0,2500000.0,0,0.1,0.4027809,-0.0001196
0,2,2,2500000.0,2500000.0,0.1,0,0.4027966,-0.0001267
0,2,2,2500000.0,2500000.0,0.1,0.1,0.3562405,-0.0001226
0,2,3,0,0,0,0,0.7008856,0.0003643
0,2,3,0,0,0,0.1,0.624821,0.0003299
0,2,3,0,0,0.1,0,0.6248443,0.0003275
0,2,3,0,0,0.1,0.1,0.5569464,0.0002966
0,2,3,0,2500000.0,0,0,0.6112172,0.00021
0,2,3,0,2500000.0,0,0.1,0.5444319,0.0001926
0,2,3,0,2500000.0,0.1,0,0.5448413,0.0001888
0,2,3,0,2500000.0,0.1,0.1,0.4852253,0.0001733
0,2,3,2500000.0,0,0,0,0.6113468,0.0002777
0,2,3,2500000.0,0,0,0.1,0.5449364,0.0002558
0,2,3,2500000.0,0,0.1,0,0.5445785,0.0002526
0,2,3,2500000.0,0,0.1,0.1,0.4853379,0.0002327
0,2,3,2500000.0,2500000.0,0,0,0.533853,0.0001495
0,2,3,2500000.0,2500000.0,0,0.1,0.4754873,0.0001415
0,2,3,2500000.0,2500000.0,0.1,0,0.4755149,0.0001372
0,2,3,2500000.0,2500000.0,0.1,0.1,0.4234475,0.0001299
0,2,4,0,0,0,0,0.7361526,0.0005151
0,2,4,0,0,0,0.1,0.6573257,0.0004709
0,2,4,0,0,0.1,0,0.6573523,0.0004692
0,2,4,0,0,0.1,0.1,0.5869018,0.000429
0,2,4,0,2500000.0,0,0,0.643211,0.0003334
0,2,4,0,2500000.0,0,0.1,0.5740145,0.0003082
0,2,4,0,2500000.0,0.1,0,0.5742566,0.0003053
0,2,4,0,2500000.0,0.1,0.1,0.5124187,0.0002823
0,2,4,2500000.0,0,0,0,0.643361,0.0004086
0,2,4,2500000.0,0,0,0.1,0.5743667,0.0003778
0,2,4,2500000.0,0,0.1,0,0.5741838,0.0003767
0,2,4,2500000.0,0,0.1,0.1,0.5125487,0.0003484
0,2,4,2500000.0,2500000.0,0,0,0.5625291,0.0002567
0,2,4,2500000.0,2500000.0,0,0.1,0.5019291,0.0002416
0,2,4,2500000.0,2500000.0,0.1,0,0.5019608,0.0002394
0,2,4,2500000.0,2500000.0,0.1,0.1,0.4478286,0.0002251
0,3,0,0,0,0,0,0.900888,0.0004477
0,3,0,0,0,0,0.1,0.8089413,0.0004116
0,3,0,0,0,0.1,0,0.808947,0.0004117
0,3,0,0,0,0.1,0.1,0.7263778,0.0003783
0,3,0,0,2500000.0,0,0,0.791122,0.0002276
0,3,0,0,2500000.0,0,0.1,0.7103156,0.0002129
0,3,0,0,2500000.0,0.1,0,0.7103202,0.0002126
0,3,0,0,2500000.0,0.1,0.1,0.6377612,0.0001986
0,3,0,2500000.0,0,0,0,0.7912152,0.0002714
0,3,0,2500000.0,0,0,0.1,0.7103982,0.0002528
0,3,0,2500000.0,0,0.1,0,0.7104086,0.0002546
0,3,0,2500000.0,0,0.1,0.1,0.6378396,0.0002369
0,3,0,2500000.0,2500000.0,0,0,0.6948293,9.48e-05
0,3,0,2500000.0,2500000.0,0,0.1,0.6237995,9.32e-05
0,3,0,2500000.0,2500000.0,0.1,0,0.6238084,9.46e-05
0,3,0,2500000.0,2500000.0,0.1,0.1,0.5600333,9.23e-05
0,3,1,0,0,0,0,0.1464607,-0.0525906
0,3,1,0,0,0,0.1,0.1277258,-0.0790981
0,3,1,0,0,0.1,0,0.1273543,-0.0789149
0,3,1,0,0,0.1,0.1,0.1114231,-0.0898703
0,3,1,0,2500000.0,0,0,0.1241519,-0.084755
0,3,1,0,2500000.0,0,0.1,0.1082583,-0.0951515
0,3,1,0,2500000.0,0.1,0,0.1080576,-0.0914629
0,3,1,0,2500000.0,0.1,0.1,0.0940048,-0.0965672
0,3,1,2500000.0,0,0,0,0.1236448,-0.0844266
0,3,1,2500000.0,0,0,0.1,0.1078923,-0.0913408
0,3,1,2500000.0,0,0.1,0,0.1077239,-0.0948995
0,3,1,2500000.0,0,0.1,0.1,0.093737,-0.0964381
0,3,1,2500000.0,2500000.0,0,0,0.1046091,-0.0874966
0,3,1,2500000.0,2500000.0,0,0.1,0.0909746,-0.0917519
0,3,1,2500000.0,2500000.0,0.1,0,0.0908411,-0.0917127
0,3,1,2500000.0,2500000.0,0.1,0.1,0.0787733,-0.0925249
0,3,2,0,0,0,0,0.6980545,0.0001684
0,3,2,0,0,0,0.1,0.6221759,0.0001482
0,3,2,0,0,0.1,0,0.6221755,0.0001496
0,3,2,0,0,0.1,0.1,0.554454,0.0001315
0,3,2,0,2500000.0,0,0,0.6071384,2.75e-05
0,3,2,0,2500000.0,0,0.1,0.5404408,2.18e-05
0,3,2,0,2500000.0,0.1,0,0.5412997,2.31e-05
0,3,2,0,2500000.0,0.1,0.1,0.4817472,1.81e-05
0,3,2,2500000.0,0,0,0,0.6071552,6.44e-05
0,3,2,2500000.0,0,0,0.1,0.5413154,5.74e-05
0,3,2,2500000.0,0,0.1,0,0.5404547,5.57e-05
0,3,2,2500000.0,0,0.1,0.1,0.4817602,4.96e-05
0,3,2,2500000.0,2500000.0,0,0,0.5297286,-4.9e-05
0,3,2,2500000.0,2500000.0,0,0.1,0.4717387,-4.44e-05
0,3,2,2500000.0,2500000.0,0.1,0,0.4717376,-4.6e-05
0,3,2,2500000.0,2500000.0,0.1,0.1,0.4200131,-4.16e-05
0,3,3,0,0,0,0,0.8076956,0.0002653
0,3,3,0,0,0,0.1,0.7232021,0.0002426
0,3,3,0,0,0.1,0,0.7232057,0.0002416
0,3,3,0,0,0.1,0.1,0.6475231,0.000221
0,3,3,0,2500000.0,0,0,0.7066838,9.08e-05
0,3,3,0,2500000.0,0,0.1,0.6324345,8.52e-05
0,3,3,0,2500000.0,0.1,0,0.6328124,8.41e-05
0,3,3,0,2500000.0,0.1,0.1,0.5662982,7.89e-05
0,3,3,2500000.0,0,0,0,0.7067426,0.0001293
0,3,3,2500000.0,0,0,0.1,0.6328617,0.0001212
0,3,3,2500000.0,0,0.1,0,0.6324926,0.0001195
0,3,3,2500000.0,0,0.1,0.1,0.5663473,0.000112
0,3,3,2500000.0,2500000.0,0,0,0.619103,-1.04e-05
0,3,3,2500000.0,2500000.0,0,0.1,0.5541225,-4.9e-06
0,3,3,2500000.0,2500000.0,0.1,0,0.5541277,-6.7e-06
0,3,3,2500000.0,2500000.0,0.1,0.1,0.4959422,-1.9e-06
0,3,4,0,0,0,0,0.8477223,0.0003028
0,3,4,0,0,0,0.1,0.7600356,0.000278
0,3,4,0,0,0.1,0,0.7600409,0.0002768
0,3,4,0,0,0.1,0.1,0.681408,0.000254
0,3,4,0,2500000.0,0,0,0.7429607,0.0001151
0,3,4,0,2500000.0,0,0.1,0.6659039,0.0001085
0,3,4,0,2500000.0,0.1,0,0.6661195,0.0001071
0,3,4,0,2500000.0,0.1,0.1,0.5970173,0.0001009
0,3,4,2500000.0,0,0,0,0.7430361,0.0001547
0,3,4,2500000.0,0,0,0.1,0.6661821,0.0001452
0,3,4,2500000.0,0,0.1,0,0.6659796,0.0001441
0,3,4,2500000.0,0,0.1,0.1,0.5970807,0.0001351
0,3,4,2500000.0,2500000.0,0,0,0.6516408,4.7e-06
0,3,4,2500000.0,2500000.0,0,0.1,0.5840691,9.7e-06
0,3,4,2500000.0,2500000.0,0.1,0,0.5840766,8.3e-06
0,3,4,2500000.0,2500000.0,0.1,0.1,0.5234967,1.25e-05
0,4,0,0,0,0,0,0.9436965,0.0002575
0,4,0,0,0,0,0.1,0.8482826,0.0002366
0,4,0,0,0,0.1,0,0.8482847,0.0002366
0,4,0,0,0,0.1,0.1,0.7625158,0.0002174
0,4,0,0,2500000.0,0,0,0.8293986,5.28e-05
0,4,0,0,2500000.0,0,0.1,0.7455074,5.21e-05
0,4,0,0,2500000.0,0.1,0,0.7455088,5.18e-05
0,4,0,0,2500000.0,0.1,0.1,0.6701011,5.07e-05
0,4,0,2500000.0,0,0,0,0.8294696,7.96e-05
0,4,0,2500000.0,0,0,0.1,0.7455705,7.64e-05
0,4,0,2500000.0,0,0.1,0,0.7455751,7.74e-05
0,4,0,2500000.0,0,0.1,0.1,0.67016,7.4e-05
0,4,0,2500000.0,2500000.0,0,0,0.7290375,-8.05e-05
0,4,0,2500000.0,2500000.0,0,0.1,0.6552658,-6.81e-05
0,4,0,2500000.0,2500000.0,0.1,0,0.6552697,-6.74e-05
0,4,0,2500000.0,2500000.0,0.1,0.1,0.588961,-5.67e-05
0,4,1,0,0,0,0,0.1592584,-0.0615424
0,4,1,0,0,0,0.1,0.1388172,-0.0827422
0,4,1,0,0,0.1,0,0.1385232,-0.0825283
0,4,1,0,0,0.1,0.1,0.1209981,-0.0920384
0,4,1,0,2500000.0,0,0,0.1345998,-0.0888835
0,4,1,0,2500000.0,0,0.1,0.1172765,-0.0978634
0,4,1,0,2500000.0,0.1,0,0.1172573,-0.0942263
0,4,1,0,2500000.0,0.1,0.1,0.1020185,-0.0985755
0,4,1,2500000.0,0,0,0,0.1341845,-0.0885025
0,4,1,2500000.0,0,0,0.1,0.1171027,-0.0940693
0,4,1,2500000.0,0,0.1,0,0.1167976,-0.0975206
0,4,1,2500000.0,0,0.1,0.1,0.1017609,-0.0983901
0,4,1,2500000.0,2500000.0,0,0,0.1137335,-0.0909538
0,4,1,2500000.0,2500000.0,0,0.1,0.0989424,-0.0942325
0,4,1,2500000.0,2500000.0,0.1,0,0.0988231,-0.0941688
0,4,1,2500000.0,2500000.0,0.1,0.1,0.0858036,-0.0944092
0,4,2,0,0,0,0,0.732306,0.0002053
0,4,2,0,0,0,0.1,0.6537351,0.0001841
0,4,2,0,0,0.1,0,0.6537339,0.000187
0,4,2,0,0,0.1,0.1,0.5835262,0.0001678
0,4,2,0,2500000.0,0,0,0.6377156,5.08e-05
0,4,2,0,2500000.0,0,0.1,0.5686447,4.49e-05
0,4,2,0,2500000.0,0.1,0,0.569492,4.78e-05
0,4,2,0,2500000.0,0.1,0.1,0.5077463,4.22e-05
0,4,2,2500000.0,0,0,0,0.6377159,8.31e-05
0,4,2,2500000.0,0,0,0.1,0.5694938,7.6e-05
0,4,2,2500000.0,0,0.1,0,0.5686416,7.62e-05
0,4,2,2500000.0,0,0.1,0.1,0.5077449,6.97e-05
0,4,2,2500000.0,2500000.0,0,0,0.5569983,-4.11e-05
0,4,2,2500000.0,2500000.0,0,0.1,0.4969072,-3.61e-05
0,4,2,2500000.0,2500000.0,0.1,0,0.4969041,-3.58e-05
0,4,2,2500000.0,2500000.0,0.1,0.1,0.443236,-3.14e-05
0,4,3,0,0,0,0,0.8466651,0.000208
0,4,3,0,0,0,0.1,0.7590495,0.0001904
0,4,3,0,0,0.1,0,0.75905,0.0001905
0,4,3,0,0,0.1,0.1,0.6804847,0.0001743
0,4,3,0,2500000.0,0,0,0.7415046,3e-05
0,4,3,0,2500000.0,0,0.1,0.6644858,2.94e-05
0,4,3,0,2500000.0,0.1,0,0.6648568,2.96e-05
0,4,3,0,2500000.0,0.1,0.1,0.5957838,2.88e-05
0,4,3,2500000.0,0,0,0,0.7415416,5.85e-05
0,4,3,2500000.0,0,0,0.1,0.6648895,5.63e-05
0,4,3,2500000.0,0,0.1,0,0.6645199,5.54e-05
0,4,3,2500000.0,0,0.1,0.1,0.5958138,5.32e-05
0,4,3,2500000.0,2500000.0,0,0,0.6501937,-8.21e-05
0,4,3,2500000.0,2500000.0,0,0.1,0.582755,-7.09e-05
0,4,3,2500000.0,2500000.0,0.1,0,0.582756,-7.17e-05
0,4,3,2500000.0,2500000.0,0.1,0.1,0.5222975,-6.19e-05
0,4,4,0,0,0,0,0.8883823,0.0002062
0,4,4,0,0,0,0.1,0.7974216,0.0001893
0,4,4,0,0,0.1,0,0.7974233,0.0001888
0,4,4,0,0,0.1,0.1,0.7157679,0.0001733
0,4,4,0,2500000.0,0,0,0.7793024,2e-05
0,4,4,0,2500000.0,0,0.1,0.6993372,2.1e-05
0,4,4,0,2500000.0,0.1,0,0.6995473,2.06e-05
0,4,4,0,2500000.0,0.1,0.1,0.6277583,2.12e-05
0,4,4,2500000.0,0,0,0,0.7793547,4.73e-05
0,4,4,2500000.0,0,0,0.1,0.6995926,4.64e-05
0,4,4,2500000.0,0,0.1,0,0.6993869,4.57e-05
0,4,4,2500000.0,0,0.1,0.1,0.6278015,4.46e-05
0,4,4,2500000.0,2500000.0,0,0,0.6841016,-9.88e-05
0,4,4,2500000.0,2500000.0,0,0.1,0.6139466,-8.58e-05
0,4,4,2500000.0,2500000.0,0.1,0,0.6139493,-8.65e-05
0,4,4,2500000.0,2500000.0,0.1,0.1,0.5509814,-7.5e-05
1,0,0,0,0,0,0,0.1904435,-0.0909439
1,0,0,0,0,0,0.1,0.1670655,-0.1013991
1,0,0,0,0,0.1,0,0.1679318,-0.1021391
1,0,0,0,0,0.1,0.1,0.1471764,-0.1062546
1,0,0,0,2500000.0,0,0,0.1623634,-0.0896195
1,0,0,0,2500000.0,0,0.1,0.1423239,-0.0968117
1,0,0,0,2500000.0,0.1,0,0.1432661,-0.0977249
1,0,0,0,2500000.0,0.1,0.1,0.1254008,-0.1000193
1,0,0,2500000.0,0,0,0,0.1635827,-0.0896471
1,0,0,2500000.0,0,0,0.1,0.1433756,-0.0970624
1,0,0,2500000.0,0,0.1,0,0.1440326,-0.0974692
1,0,0,2500000.0,0,0.1,0.1,0.1261144,-0.1000033
1,0,0,2500000.0,2500000.0,0,0,0.1390253,-0.0862701
1,0,0,2500000.0,2500000.0,0,0.1,0.1217701,-0.0914661
1,0,0,2500000.0,2500000.0,0.1,0,0.1225212,-0.0920608
1,0,0,2500000.0,2500000.0,0.1,0.1,0.1071471,-0.0933341
1,0,1,0,0,0,0,0.1496435,-0.0014307
1,0,1,0,0,0,0.1,0.1246963,-0.0011154
1,0,1,0,0,0.1,0,0.1243863,-0.0012427
1,0,1,0,0,0.1,0.1,0.1040422,-0.0009402
1,0,1,0,2500000.0,0,0,0.12693,-0.0009366
1,0,1,0,2500000.0,0,0.1,0.1055497,-0.0006499
1,0,1,0,2500000.0,0.1,0,0.106495,-0.0007854
1,0,1,0,2500000.0,0.1,0.1,0.0890055,-0.0005289
1,0,1,2500000.0,0,0,0,0.1265991,-0.0010095
1,0,1,2500000.0,0,0,0.1,0.1064638,-0.0007639
1,0,1,2500000.0,0,0.1,0,0.1048834,-0.0008359
1,0,1,2500000.0,0,0.1,0.1,0.0886589,-0.0006139
1,0,1,2500000.0,2500000.0,0,0,0.1110814,-0.0006543
1,0,1,2500000.0,2500000.0,0,0.1,0.0933079,-0.0004425
1,0,1,2500000.0,2500000.0,0.1,0,0.0930139,-0.0005326
1,0,1,2500000.0,2500000.0,0.1,0.1,0.0785586,-0.0003514
1,0,2,0,0,0,0,0.1325475,-0.0579815
1,0,2,0,0,0,0.1,0.1145153,-0.0838542
1,0,2,0,0,0.1,0,0.1157361,-0.0842315
1,0,2,0,0,0.1,0.1,0.1007743,-0.0939578
1,0,2,0,2500000.0,0,0,0.107066,-0.0671624
1,0,2,0,2500000.0,0,0.1,0.094774,-0.0844342
1,0,2,0,2500000.0,0.1,0,0.0958913,-0.0837168
1,0,2,0,2500000.0,0.1,0.1,0.0836653,-0.0904796
1,0,2,2500000.0,0,0,0,0.1081565,-0.0672461
1,0,2,2500000.0,0,0,0.1,0.0954512,-0.0835445
1,0,2,2500000.0,0,0.1,0,0.0963186,-0.0847033
1,0,2,2500000.0,0,0.1,0.1,0.0840507,-0.0905291
1,0,2,2500000.0,2500000.0,0,0,0.0874299,-0.0676847
1,0,2,2500000.0,2500000.0,0,0.1,0.0784924,-0.079936
1,0,2,2500000.0,2500000.0,0.1,0,0.079372,-0.0800508
1,0,2,2500000.0,2500000.0,0.1,0.1,0.0694452,-0.0845124
1,0,3,0,0,0,0,0.1685875,-0.0811179
1,0,3,0,0,0,0.1,0.1464453,-0.0945541
1,0,3,0,0,0.1,0,0.1472996,-0.0951927
1,0,3,0,0,0.1,0.1,0.1281716,-0.100898
1,0,3,0,2500000.0,0,0,0.1419227,-0.0817137
1,0,3,0,2500000.0,0,0.1,0.1233871,-0.0913905
1,0,3,0,2500000.0,0.1,0,0.1243802,-0.0916987
1,0,3,0,2500000.0,0.1,0.1,0.1080998,-0.0954908
1,0,3,2500000.0,0,0,0,0.1429451,-0.0819285
1,0,3,2500000.0,0,0,0.1,0.1243286,-0.0912894
1,0,3,2500000.0,0,0.1,0,0.1248816,-0.0920597
1,0,3,2500000.0,0,0.1,0.1,0.1086505,-0.0955863
1,0,3,2500000.0,2500000.0,0,0,0.120113,-0.0787755
1,0,3,2500000.0,2500000.0,0,0.1,0.1044924,-0.0859798
1,0,3,2500000.0,2500000.0,0.1,0,0.1052183,-0.0864448
1,0,3,2500000.0,2500000.0,0.1,0.1,0.0914193,-0.0888876
1,0,4,0,0,0,0,0.1790599,-0.0854152
1,0,4,0,0,0,0.1,0.1561081,-0.0973768
1,0,4,0,0,0.1,0,0.1569348,-0.0980678
1,0,4,0,0,0.1,0.1,0.1369196,-0.1030271
1,0,4,0,2500000.0,0,0,0.1515961,-0.0849927
1,0,4,0,2500000.0,0,0.1,0.1321616,-0.0934888
1,0,4,0,2500000.0,0.1,0,0.1331144,-0.0940757
1,0,4,0,2500000.0,0.1,0.1,0.1159878,-0.097193
1,0,4,2500000.0,0,0,0,0.1527022,-0.0851903
1,0,4,2500000.0,0,0,0.1,0.133161,-0.0935984
1,0,4,2500000.0,0,0.1,0,0.1337211,-0.0942078
1,0,4,2500000.0,0,0.1,0.1,0.1166091,-0.0972786
1,0,4,2500000.0,2500000.0,0,0,0.1289965,-0.0818216
1,0,4,2500000.0,2500000.0,0,0.1,0.1124478,-0.0880802
1,0,4,2500000.0,2500000.0,0.1,0,0.1131584,-0.088606
1,0,4,2500000.0,2500000.0,0.1,0.1,0.0985395,-0.0905334
1,1,0,0,0,0,0,0.1636912,-0.001901
1,1,0,0,0,0,0.1,0.1374507,-0.0008878
1,1,0,0,0,0.1,0,0.1375038,-0.0011161
1,1,0,0,0,0.1,0.1,0.1157777,-0.0001908
1,1,0,0,2500000.0,0,0,0.1340859,-0.0005487
1,1,0,0,2500000.0,0,0.1,0.1122388,0.0003487
1,1,0,0,2500000.0,0.1,0,0.1122645,0.0001003
1,1,0,0,2500000.0,0.1,0.1,0.0943406,0.0008705
1,1,0,2500000.0,0,0,0,0.1338417,-0.000956
1,1,0,2500000.0,0,0,0.1,0.1119582,-2.95e-05
1,1,0,2500000.0,0,0.1,0,0.1120714,-0.0002443
1,1,0,2500000.0,0,0.1,0.1,0.0941107,0.0005516
1,1,0,2500000.0,2500000.0,0,0,0.1113206,-2.72e-05
1,1,0,2500000.0,2500000.0,0,0.1,0.092985,0.0007471
1,1,0,2500000.0,2500000.0,0.1,0,0.0930667,0.0005191
1,1,0,2500000.0,2500000.0,0.1,0.1,0.0780971,0.0011372
1,1,1,0,0,0,0,0.4734388,-0.00298
1,1,1,0,0,0,0.1,0.4244587,-0.0027369
1,1,1,0,0,0.1,0,0.4244641,-0.0027459
1,1,1,0,0,0.1,0.1,0.3805988,-0.0025198
1,1,1,0,2500000.0,0,0,0.4163382,-0.0025192
1,1,1,0,2500000.0,0,0.1,0.3731705,-0.0023126
1,1,1,0,2500000.0,0.1,0,0.3734073,-0.0023236
1,1,1,0,2500000.0,0.1,0.1,0.3347341,-0.0021313
1,1,1,2500000.0,0,0,0,0.4163343,-0.0025597
1,1,1,2500000.0,0,0,0.1,0.3734004,-0.0023526
1,1,1,2500000.0,0,0.1,0,0.3731721,-0.0023586
1,1,1,2500000.0,0,0.1,0.1,0.3347326,-0.002166
1,1,1,2500000.0,2500000.0,0,0,0.3677356,-0.0021872
1,1,1,2500000.0,2500000.0,0,0.1,0.3297432,-0.0020095
1,1,1,2500000.0,2500000.0,0.1,0,0.3297465,-0.0020173
1,1,1,2500000.0,2500000.0,0.1,0.1,0.2957179,-0.0018518
1,1,2,0,0,0,0,0.3495845,-0.0056146
1,1,2,0,0,0,0.1,0.3097918,-0.005248
1,1,2,0,0,0.1,0,0.3097744,-0.0053146
1,1,2,0,0,0.1,0.1,0.2745726,-0.0049595
1,1,2,0,2500000.0,0,0,0.3049466,-0.0046944
1,1,2,0,2500000.0,0,0.1,0.2702137,-0.0043944
1,1,2,0,2500000.0,0.1,0,0.270144,-0.0044564
1,1,2,0,2500000.0,0.1,0.1,0.239429,-0.0041643
1,1,2,2500000.0,0,0,0,0.3049042,-0.0047859
1,1,2,2500000.0,0,0,0.1,0.270121,-0.0044814
1,1,2,2500000.0,0,0.1,0,0.2701571,-0.0045361
1,1,2,2500000.0,0,0.1,0.1,0.2393915,-0.00424
1,1,2,2500000.0,2500000.0,0,0,0.267129,-0.0040145
1,1,2,2500000.0,2500000.0,0,0.1,0.2366573,-0.0037649
1,1,2,2500000.0,2500000.0,0.1,0,0.2366409,-0.0038156
1,1,2,2500000.0,2500000.0,0.1,0.1,0.2096956,-0.0035716
1,1,3,0,0,0,0,0.2747406,-0.0072166
1,1,3,0,0,0,0.1,0.240313,-0.0068135
1,1,3,0,0,0.1,0,0.2403025,-0.0069231
1,1,3,0,0,0.1,0.1,0.2102076,-0.0065211
1,1,3,0,2500000.0,0,0,0.2367861,-0.006106
1,1,3,0,2500000.0,0,0.1,0.2069958,-0.0057786
1,1,3,0,2500000.0,0.1,0,0.2068947,-0.0058783
1,1,3,0,2500000.0,0.1,0.1,0.1808821,-0.0055491
1,1,3,2500000.0,0,0,0,0.2367338,-0.0062456
1,1,3,2500000.0,0,0,0.1,0.2068555,-0.0059096
1,1,3,2500000.0,0,0.1,0,0.2069389,-0.006004
1,1,3,2500000.0,0,0.1,0.1,0.180838,-0.0056666
1,1,3,2500000.0,2500000.0,0,0,0.2052646,-0.0052824
1,1,3,2500000.0,2500000.0,0,0.1,0.1793046,-0.0050093
1,1,3,2500000.0,2500000.0,0.1,0,0.1792965,-0.0050943
1,1,3,2500000.0,2500000.0,0.1,0.1,0.1566385,-0.0048177
1,1,4,0,0,0,0,0.2355784,-0.0079692
1,1,4,0,0,0,0.1,0.2038417,-0.0075449
1,1,4,0,0,0.1,0,0.2038459,-0.0076877
1,1,4,0,0,0.1,0.1,0.1763744,-0.0072525
1,1,4,0,2500000.0,0,0,0.2008057,-0.0067889
1,1,4,0,2500000.0,0,0.1,0.1735303,-0.006444
1,1,4,0,2500000.0,0.1,0,0.173445,-0.0065737
1,1,4,0,2500000.0,0.1,0.1,0.1498836,-0.0062153
1,1,4,2500000.0,0,0,0,0.2007511,-0.0069805
1,1,4,2500000.0,0,0,0.1,0.1733895,-0.0066228
1,1,4,2500000.0,0,0.1,0,0.1734917,-0.0067495
1,1,4,2500000.0,0,0.1,0.1,0.1498437,-0.0063786
1,1,4,2500000.0,2500000.0,0,0,0.1724751,-0.0059309
1,1,4,2500000.0,2500000.0,0,0.1,0.148858,-0.0056395
1,1,4,2500000.0,2500000.0,0.1,0,0.1488687,-0.0057527
1,1,4,2500000.0,2500000.0,0.1,0.1,0.1284905,-0.0054467
1,2,0,0,0,0,0,0.1515504,-0.0539539
1,2,0,0,0,0,0.1,0.1282049,-0.0735782
1,2,0,0,0,0.1,0,0.1292814,-0.0742773
1,2,0,0,0,0.1,0.1,0.1105128,-0.0832227
1,2,0,0,2500000.0,0,0,0.1239066,-0.0637826
1,2,0,0,2500000.0,0,0.1,0.1058712,-0.0763316
1,2,0,0,2500000.0,0.1,0,0.1068339,-0.0770413
1,2,0,0,2500000.0,0.1,0.1,0.0914924,-0.0825959
1,2,0,2500000.0,0,0,0,0.1257932,-0.0634985
1,2,0,2500000.0,0,0,0.1,0.1071256,-0.0761604
1,2,0,2500000.0,0,0.1,0,0.1079002,-0.0764832
1,2,0,2500000.0,0,0.1,0.1,0.0922906,-0.0822559
1,2,0,2500000.0,2500000.0,0,0,0.1031068,-0.0661682
1,2,0,2500000.0,2500000.0,0,0.1,0.0881561,-0.0751123
1,2,0,2500000.0,2500000.0,0.1,0,0.0888967,-0.0755337
1,2,0,2500000.0,2500000.0,0.1,0.1,0.0760817,-0.0792616
1,2,1,0,0,0,0,0.3482439,-0.003109
1,2,1,0,0,0,0.1,0.3086876,-0.0028415
1,2,1,0,0,0.1,0,0.3086176,-0.002872
1,2,1,0,0,0.1,0.1,0.2736294,-0.0026203
1,2,1,0,2500000.0,0,0,0.30347,-0.0025607
1,2,1,0,2500000.0,0,0.1,0.2686235,-0.0023375
1,2,1,0,2500000.0,0.1,0,0.2692242,-0.0023617
1,2,1,0,2500000.0,0.1,0.1,0.2383719,-0.0021518
1,2,1,2500000.0,0,0,0,0.3034154,-0.0026582
1,2,1,2500000.0,0,0,0.1,0.2692428,-0.0024308
1,2,1,2500000.0,0,0.1,0,0.2685101,-0.0024555
1,2,1,2500000.0,0,0.1,0.1,0.2383311,-0.0022414
1,2,1,2500000.0,2500000.0,0,0,0.2665709,-0.0021954
1,2,1,2500000.0,2500000.0,0,0.1,0.2362624,-0.0020052
1,2,1,2500000.0,2500000.0,0.1,0,0.2362004,-0.002025
1,2,1,2500000.0,2500000.0,0.1,0.1,0.2094019,-0.001846
1,2,2,0,0,0,0,0.3224289,-0.0052366
1,2,2,0,0,0,0.1,0.2820423,-0.0049144
1,2,2,0,0,0.1,0,0.2818688,-0.0050415
1,2,2,0,0,0.1,0.1,0.2465852,-0.0047148
1,2,2,0,2500000.0,0,0,0.279533,-0.0042371
1,2,2,0,2500000.0,0,0.1,0.2443133,-0.0039734
1,2,2,0,2500000.0,0.1,0,0.2443722,-0.0040825
1,2,2,0,2500000.0,0.1,0.1,0.2136206,-0.0038136
1,2,2,2500000.0,0,0,0,0.2793241,-0.0045276
1,2,2,2500000.0,0,0,0.1,0.2443424,-0.0042531
1,2,2,2500000.0,0,0.1,0,0.2439489,-0.0043626
1,2,2,2500000.0,0,0.1,0.1,0.2134353,-0.0040826
1,2,2,2500000.0,2500000.0,0,0,0.2436598,-0.0036673
1,2,2,2500000.0,2500000.0,0,0.1,0.2130314,-0.0034431
1,2,2,2500000.0,2500000.0,0.1,0,0.2128714,-0.0035374
1,2,2,2500000.0,2500000.0,0.1,0.1,0.1861626,-0.0033073
1,2,3,0,0,0,0,0.2767244,-0.0069825
1,2,3,0,0,0,0.1,0.2371217,-0.0068217
1,2,3,0,0,0.1,0,0.2367872,-0.0070647
1,2,3,0,0,0.1,0.1,0.2025652,-0.0068697
1,2,3,0,2500000.0,0,0,0.2369212,-0.0057199
1,2,3,0,2500000.0,0,0.1,0.2026958,-0.0055805
1,2,3,0,2500000.0,0.1,0,0.2023983,-0.0057974
1,2,3,0,2500000.0,0.1,0.1,0.1729278,-0.0056166
1,2,3,2500000.0,0,0,0,0.2365548,-0.0062259
1,2,3,2500000.0,0,0,0.1,0.2023642,-0.0060907
1,2,3,2500000.0,0,0.1,0,0.2020062,-0.0063045
1,2,3,2500000.0,0,0.1,0.1,0.1725719,-0.0061265
1,2,3,2500000.0,2500000.0,0,0,0.2039324,-0.0050858
1,2,3,2500000.0,2500000.0,0,0.1,0.174339,-0.0049625
1,2,3,2500000.0,2500000.0,0.1,0,0.1740225,-0.005153
1,2,3,2500000.0,2500000.0,0.1,0.1,0.1486318,-0.0049826
1,2,4,0,0,0,0,0.245668,-0.0088374
1,2,4,0,0,0,0.1,0.2052611,-0.0091378
1,2,4,0,0,0.1,0,0.20475,-0.009563
1,2,4,0,0,0.1,0.1,0.1699185,-0.0098598
1,2,4,0,2500000.0,0,0,0.2071911,-0.007418
1,2,4,0,2500000.0,0,0.1,0.1724491,-0.0076392
1,2,4,0,2500000.0,0.1,0,0.1718296,-0.0080425
1,2,4,0,2500000.0,0.1,0.1,0.142187,-0.0081648
1,2,4,2500000.0,0,0,0,0.2067054,-0.0082155
1,2,4,2500000.0,0,0,0.1,0.1718476,-0.0085092
1,2,4,2500000.0,0,0.1,0,0.1714429,-0.0088877
1,2,4,2500000.0,0,0.1,0.1,0.1416877,-0.0090806
1,2,4,2500000.0,2500000.0,0,0,0.1758009,-0.0068232
1,2,4,2500000.0,2500000.0,0,0.1,0.1459581,-0.0069851
1,2,4,2500000.0,2500000.0,0.1,0,0.145459,-0.0073368
1,2,4,2500000.0,2500000.0,0.1,0.1,0.1202944,-0.0073129
1,3,0,0,0,0,0,0.1739545,-0.0746307
1,3,0,0,0,0,0.1,0.1506403,-0.087943
1,3,0,0,0,0.1,0,0.1516799,-0.0886846
1,3,0,0,0,0.1,0.1,0.1315598,-0.0945751
1,3,0,0,2500000.0,0,0,0.1461393,-0.0775187
1,3,0,0,2500000.0,0,0.1,0.1267253,-0.0865148
1,3,0,0,2500000.0,0.1,0,0.1277111,-0.0873553
1,3,0,0,2500000.0,0.1,0.1,0.1107282,-0.0909006
1,3,0,2500000.0,0,0,0,0.1475503,-0.0773843
1,3,0,2500000.0,0,0,0.1,0.1277931,-0.08656
1,3,0,2500000.0,0,0.1,0,0.1286052,-0.0869598
1,3,0,2500000.0,0,0.1,0.1,0.1114586,-0.0907266
1,3,0,2500000.0,2500000.0,0,0,0.1237287,-0.076615
1,3,0,2500000.0,2500000.0,0,0.1,0.1072148,-0.0830835
1,3,0,2500000.0,2500000.0,0.1,0,0.1080155,-0.083624
1,3,0,2500000.0,2500000.0,0.1,0.1,0.0935489,-0.0858428
1,3,1,0,0,0,0,0.2721184,-0.0032316
1,3,1,0,0,0,0.1,0.2380637,-0.0029683
1,3,1,0,0,0.1,0,0.2379344,-0.003025
1,3,1,0,0,0.1,0.1,0.208189,-0.0027704
1,3,1,0,2500000.0,0,0,0.2350863,-0.0026462
1,3,1,0,2500000.0,0,0.1,0.2051229,-0.0024268
1,3,1,0,2500000.0,0.1,0,0.2058921,-0.002468
1,3,1,0,2500000.0,0.1,0.1,0.1796851,-0.0022561
1,3,1,2500000.0,0,0,0,0.2350141,-0.0027519
1,3,1,2500000.0,0,0,0.1,0.2059555,-0.0025257
1,3,1,2500000.0,0,0.1,0,0.2049314,-0.0025751
1,3,1,2500000.0,0,0.1,0.1,0.1796294,-0.0023559
1,3,1,2500000.0,2500000.0,0,0,0.2055672,-0.0022433
1,3,1,2500000.0,2500000.0,0,0.1,0.1797553,-0.0020554
1,3,1,2500000.0,2500000.0,0.1,0,0.1796324,-0.002092
1,3,1,2500000.0,2500000.0,0.1,0.1,0.1571148,-0.0019101
1,3,2,0,0,0,0,0.2750956,-0.0058722
1,3,2,0,0,0,0.1,0.2354816,-0.0056876
1,3,2,0,0,0.1,0,0.2351521,-0.0059584
1,3,2,0,0,0.1,0.1,0.2009342,-0.0057462
1,3,2,0,2500000.0,0,0,0.2359734,-0.0047884
1,3,2,0,2500000.0,0,0.1,0.2015054,-0.0046327
1,3,2,0,2500000.0,0.1,0,0.2016101,-0.0048555
1,3,2,0,2500000.0,0.1,0.1,0.1719073,-0.0046684
1,3,2,2500000.0,0,0,0,0.2357176,-0.0052519
1,3,2,2500000.0,0,0,0.1,0.2016982,-0.0050785
1,3,2,2500000.0,0,0.1,0,0.2009405,-0.0053331
1,3,2,2500000.0,0,0.1,0.1,0.1716886,-0.0051253
1,3,2,2500000.0,2500000.0,0,0,0.2041248,-0.0042543
1,3,2,2500000.0,2500000.0,0,0.1,0.1744264,-0.0041058
1,3,2,2500000.0,2500000.0,0.1,0,0.1741093,-0.0043146
1,3,2,2500000.0,2500000.0,0.1,0.1,0.1486177,-0.0041315
1,3,3,0,0,0,0,0.2423477,-0.0083906
1,3,3,0,0,0,0.1,0.1988802,-0.0091717
1,3,3,0,0,0.1,0,0.1981256,-0.0098593
1,3,3,0,0,0.1,0.1,0.1601602,-0.0108849
1,3,3,0,2500000.0,0,0,0.2039613,-0.0070371
1,3,3,0,2500000.0,0,0.1,0.1663745,-0.0076397
1,3,3,0,2500000.0,0.1,0,0.1656929,-0.008272
1,3,3,0,2500000.0,0.1,0.1,0.1333888,-0.0088219
1,3,3,2500000.0,0,0,0,0.2034536,-0.0080573
1,3,3,2500000.0,0,0,0.1,0.1659594,-0.0087878
1,3,3,2500000.0,0,0.1,0,0.1651002,-0.009443
1,3,3,2500000.0,0,0.1,0.1,0.1329016,-0.0101215
1,3,3,2500000.0,2500000.0,0,0,0.1730684,-0.0066254
1,3,3,2500000.0,2500000.0,0,0.1,0.1409284,-0.0070748
1,3,3,2500000.0,2500000.0,0.1,0,0.1401763,-0.0076488
1,3,3,2500000.0,2500000.0,0.1,0.1,0.1131377,-0.0078081
1,3,4,0,0,0,0,0.2143206,-0.0126183
1,3,4,0,0,0,0.1,0.1622637,-0.0191823
1,3,4,0,0,0.1,0,0.1611677,-0.0213689
1,3,4,0,0,0.1,0.1,0.1129294,-0.0414926
1,3,4,0,2500000.0,0,0,0.174724,-0.0115925
1,3,4,0,2500000.0,0,0.1,0.1285549,-0.0166798
1,3,4,0,2500000.0,0.1,0,0.1266003,-0.0192121
1,3,4,0,2500000.0,0.1,0.1,0.0866212,-0.0121005
1,3,4,2500000.0,0,0,0,0.1741712,-0.0137408
1,3,4,2500000.0,0,0,0.1,0.1279631,-0.0202976
1,3,4,2500000.0,0,0.1,0,0.126998,-0.0223522
1,3,4,2500000.0,0,0.1,0.1,0.0886552,-0.054728
1,3,4,2500000.0,2500000.0,0,0,0.1439854,-0.0117431
1,3,4,2500000.0,2500000.0,0,0.1,0.1054273,-0.0137517
1,3,4,2500000.0,2500000.0,0.1,0,0.1036397,-0.0152526
1,3,4,2500000.0,2500000.0,0.1,0.1,0.0781063,-0.0083723
1,4,0,0,0,0,0,0.1814662,-0.080192
1,4,0,0,0,0,0.1,0.1579805,-0.0923798
1,4,0,0,0,0.1,0,0.1589995,-0.0931406
1,4,0,0,0,0.1,0.1,0.1384817,-0.0983659
1,4,0,0,2500000.0,0,0,0.153352,-0.0814505
1,4,0,0,2500000.0,0,0.1,0.133556,-0.0897753
1,4,0,0,2500000.0,0.1,0,0.1345521,-0.0906653
1,4,0,0,2500000.0,0.1,0.1,0.1171033,-0.0937622
1,4,0,2500000.0,0,0,0,0.1546892,-0.0813711
1,4,0,2500000.0,0,0,0.1,0.1346093,-0.0898936
1,4,0,2500000.0,0,0.1,0,0.1354082,-0.0903144
1,4,0,2500000.0,0,0.1,0.1,0.1178284,-0.0936409
1,4,0,2500000.0,2500000.0,0,0,0.130422,-0.0796852
1,4,0,2500000.0,2500000.0,0,0.1,0.1134926,-0.0856899
1,4,0,2500000.0,2500000.0,0.1,0,0.1143032,-0.0862709
1,4,0,2500000.0,2500000.0,0.1,0.1,0.0993751,-0.0881568
1,4,1,0,0,0,0,0.2313707,-0.0033437
1,4,1,0,0,0,0.1,0.2001327,-0.0030818
1,4,1,0,0,0.1,0,0.1999505,-0.0031577
1,4,1,0,0,0.1,0.1,0.1729633,-0.0028962
1,4,1,0,2500000.0,0,0,0.19859,-0.002723
1,4,1,0,2500000.0,0,0.1,0.171165,-0.0025006
1,4,1,0,2500000.0,0.1,0,0.1720152,-0.002556
1,4,1,0,2500000.0,0.1,0.1,0.1482896,-0.0023342
1,4,1,2500000.0,0,0,0,0.1984942,-0.0028309
1,4,1,2500000.0,0,0,0.1,0.1721098,-0.0026021
1,4,1,2500000.0,0,0.1,0,0.1708924,-0.0026679
1,4,1,2500000.0,0,0.1,0.1,0.148209,-0.0024388
1,4,1,2500000.0,2500000.0,0,0,0.1731874,-0.0022821
1,4,1,2500000.0,2500000.0,0,0.1,0.1497441,-0.00209
1,4,1,2500000.0,2500000.0,0.1,0,0.1495659,-0.0021389
1,4,1,2500000.0,2500000.0,0.1,0.1,0.1293627,-0.0019472
1,4,2,0,0,0,0,0.2425732,-0.0071352
1,4,2,0,0,0,0.1,0.2020965,-0.0073189
1,4,2,0,0,0.1,0,0.2015834,-0.0077741
1,4,2,0,0,0.1,0.1,0.1667421,-0.0079466
1,4,2,0,2500000.0,0,0,0.2055849,-0.0059599
1,4,2,0,2500000.0,0,0.1,0.1704138,-0.0060975
1,4,2,0,2500000.0,0.1,0,0.1705089,-0.0064669
1,4,2,0,2500000.0,0.1,0.1,0.1404715,-0.006534
1,4,2,2500000.0,0,0,0,0.2053081,-0.0066026
1,4,2,2500000.0,0,0,0.1,0.1707835,-0.0067235
1,4,2,2500000.0,0,0.1,0,0.1696449,-0.0071762
1,4,2,2500000.0,0,0.1,0.1,0.1402656,-0.0072132
1,4,2,2500000.0,2500000.0,0,0,0.1764347,-0.0054025
1,4,2,2500000.0,2500000.0,0,0.1,0.1464449,-0.0054616
1,4,2,2500000.0,2500000.0,0.1,0,0.1459343,-0.0058217
1,4,2,2500000.0,2500000.0,0.1,0.1,0.1205943,-0.0057688
1,4,3,0,0,0,0,0.2126918,-0.0122227
1,4,3,0,0,0,0.1,0.1602834,-0.0185809
1,4,3,0,0,0.1,0,0.1591128,-0.0207554
1,4,3,0,0,0.1,0.1,0.1067607,-0.0422162
1,4,3,0,2500000.0,0,0,0.1740083,-0.0111656
1,4,3,0,2500000.0,0,0.1,0.1277075,-0.0159437
1,4,3,0,2500000.0,0.1,0,0.1261547,-0.0182242
1,4,3,0,2500000.0,0.1,0.1,0.0863722,-0.0130063
1,4,3,2500000.0,0,0,0,0.1735377,-0.0131031
1,4,3,2500000.0,0,0,0.1,0.1275724,-0.0189103
1,4,3,2500000.0,0,0.1,0,0.1260452,-0.0210016
1,4,3,2500000.0,0,0.1,0.1,0.0857597,-0.0570742
1,4,3,2500000.0,2500000.0,0,0,0.1445928,-0.0110438
1,4,3,2500000.0,2500000.0,0,0.1,0.1063056,-0.0131547
1,4,3,2500000.0,2500000.0,0.1,0,0.1045957,-0.014635
1,4,3,2500000.0,2500000.0,0.1,0.1,0.0777611,-0.0092976
1,4,4,0,0,0,0,0.1827866,-0.0301822
1,4,4,0,0,0,0.1,0.1461946,-0.0606756
1,4,4,0,0,0.1,0,0.1475878,-0.0621752
1,4,4,0,0,0.1,0.1,0.1265354,-0.0763777
1,4,4,0,2500000.0,0,0,0.1433225,-0.0384332
1,4,4,0,2500000.0,0,0.1,0.1197148,-0.0641936
1,4,4,0,2500000.0,0.1,0,0.1213711,-0.0653299
1,4,4,0,2500000.0,0.1,0.1,0.1049492,-0.0755153
1,4,4,2500000.0,0,0,0,0.1462266,-0.0406652
1,4,4,2500000.0,0,0,0.1,0.1217972,-0.0645211
1,4,4,2500000.0,0,0.1,0,0.1227896,-0.0654853
1,4,4,2500000.0,0,0.1,0.1,0.1060655,-0.0755505
1,4,4,2500000.0,2500000.0,0,0,0.1157922,-0.0442461
1,4,4,2500000.0,2500000.0,0,0.1,0.0997904,-0.0642935
1,4,4,2500000.0,2500000.0,0.1,0,0.1010208,-0.0650546
1,4,4,2500000.0,2500000.0,0.1,0.1,0.0878131,-0.0725371
2,0,0,0,0,0,0,0.7835899,0.0012297
2,0,0,0,0,0,0.1,0.7010414,0.0011454
2,0,0,0,0,0.1,0,0.7010065,0.001133
2,0,0,0,0,0.1,0.1,0.6271194,0.001055
2,0,0,0,2500000.0,0,0,0.6863114,0.0010516
2,0,0,0,2500000.0,0,0.1,0.6138637,0.0009863
2,0,0,0,2500000.0,0.1,0,0.6138131,0.0009714
2,0,0,0,2500000.0,0.1,0.1,0.5489813,0.0009106
2,0,0,2500000.0,0,0,0,0.6863388,0.0009009
2,0,0,2500000.0,0,0,0.1,0.6138739,0.0008466
2,0,0,2500000.0,0,0.1,0,0.6138502,0.0008289
2,0,0,2500000.0,0,0.1,0.1,0.5490017,0.0007786
2,0,0,2500000.0,2500000.0,0,0,0.6011255,0.0007682
2,0,0,2500000.0,2500000.0,0,0.1,0.5375216,0.0007282
2,0,0,2500000.0,2500000.0,0.1,0,0.5374826,0.0007084
2,0,0,2500000.0,2500000.0,0.1,0.1,0.4805769,0.0006711
2,0,1,0,0,0,0,0.1364691,-0.0649465
2,0,1,0,0,0,0.1,0.1157956,-0.0819125
2,0,1,0,0,0.1,0,0.1156765,-0.0818182
2,0,1,0,0,0.1,0.1,0.0989106,-0.0902268
2,0,1,0,2500000.0,0,0,0.1115329,-0.0837084
2,0,1,0,2500000.0,0,0.1,0.0949625,-0.0928972
2,0,1,0,2500000.0,0.1,0,0.0954236,-0.0896543
2,0,1,0,2500000.0,0.1,0.1,0.0814315,-0.0943548
2,0,1,2500000.0,0,0,0,0.1116079,-0.0834856
2,0,1,2500000.0,0,0,0.1,0.0955279,-0.0894914
2,0,1,2500000.0,0,0.1,0,0.0949219,-0.0926319
2,0,1,2500000.0,0,0.1,0.1,0.0814355,-0.0941596
2,0,1,2500000.0,2500000.0,0,0,0.0926369,-0.0839786
2,0,1,2500000.0,2500000.0,0,0.1,0.0789898,-0.0883949
2,0,1,2500000.0,2500000.0,0.1,0,0.0789533,-0.0883553
2,0,1,2500000.0,2500000.0,0.1,0.1,0.0674122,-0.0895156
2,0,2,0,0,0,0,0.6055495,0.0001609
2,0,2,0,0,0,0.1,0.5367682,0.000134
2,0,2,0,0,0.1,0,0.5367404,0.0001441
2,0,2,0,0,0.1,0.1,0.475571,0.0001193
2,0,2,0,2500000.0,0,0,0.5245323,0.0001168
2,0,2,0,2500000.0,0,0.1,0.4640623,9.41e-05
2,0,2,0,2500000.0,0.1,0,0.4649317,0.0001071
2,0,2,0,2500000.0,0.1,0.1,0.411131,8.58e-05
2,0,2,2500000.0,0,0,0,0.5245065,2.47e-05
2,0,2,2500000.0,0,0,0.1,0.4649387,1.49e-05
2,0,2,2500000.0,0,0.1,0,0.4640031,1.45e-05
2,0,2,2500000.0,0,0.1,0.1,0.4111049,5.6e-06
2,0,2,2500000.0,2500000.0,0,0,0.4559828,6.8e-06
2,0,2,2500000.0,2500000.0,0,0.1,0.4034996,-9e-07
2,0,2,2500000.0,2500000.0,0.1,0,0.4034631,1.2e-06
2,0,2,2500000.0,2500000.0,0.1,0.1,0.3568303,-6e-06
2,0,3,0,0,0,0,0.7018544,0.0005525
2,0,3,0,0,0,0.1,0.6257157,0.0005106
2,0,3,0,0,0.1,0,0.6256824,0.0005081
2,0,3,0,0,0.1,0.1,0.5577201,0.0004695
2,0,3,0,2500000.0,0,0,0.6121336,0.0004615
2,0,3,0,2500000.0,0,0.1,0.5452812,0.0004289
2,0,3,0,2500000.0,0.1,0,0.5456324,0.0004272
2,0,3,0,2500000.0,0.1,0.1,0.4859584,0.0003968
2,0,3,2500000.0,0,0,0,0.6121281,0.0003389
2,0,3,2500000.0,0,0,0.1,0.5456614,0.0003188
2,0,3,2500000.0,0,0.1,0,0.5452378,0.0003085
2,0,3,2500000.0,0,0.1,0.1,0.48595,0.00029
2,0,3,2500000.0,2500000.0,0,0,0.5346112,0.0002822
2,0,3,2500000.0,2500000.0,0,0.1,0.4761939,0.0002682
2,0,3,2500000.0,2500000.0,0.1,0,0.4761559,0.0002587
2,0,3,2500000.0,2500000.0,0.1,0.1,0.4240453,0.0002457
2,0,4,0,0,0,0,0.7369922,0.0007287
2,0,4,0,0,0,0.1,0.6581092,0.0006771
2,0,4,0,0,0.1,0,0.6580747,0.0006706
2,0,4,0,0,0.1,0.1,0.5875764,0.000623
2,0,4,0,2500000.0,0,0,0.6440301,0.0006157
2,0,4,0,2500000.0,0,0.1,0.574784,0.0005757
2,0,4,0,2500000.0,0.1,0,0.5749607,0.0005692
2,0,4,0,2500000.0,0.1,0.1,0.513081,0.0005321
2,0,4,2500000.0,0,0,0,0.644035,0.0004818
2,0,4,2500000.0,0,0,0.1,0.5750002,0.0004544
2,0,4,2500000.0,0,0.1,0,0.5747498,0.0004408
2,0,4,2500000.0,0,0.1,0.1,0.5130817,0.0004156
2,0,4,2500000.0,2500000.0,0,0,0.5632094,0.0004068
2,0,4,2500000.0,2500000.0,0,0.1,0.502573,0.0003873
2,0,4,2500000.0,2500000.0,0.1,0,0.5025347,0.0003738
2,0,4,2500000.0,2500000.0,0.1,0.1,0.4483732,0.0003558
2,1,0,0,0,0,0,0.1450612,-0.0231293
2,1,0,0,0,0,0.1,0.1150753,-0.0686707
2,1,0,0,0,0.1,0,0.1131289,-0.0668588
2,1,0,0,0,0.1,0.1,0.0995871,-0.0822189
2,1,0,0,2500000.0,0,0,0.1050397,-0.0544388
2,1,0,0,2500000.0,0,0.1,0.0952449,-0.0762562
2,1,0,0,2500000.0,0.1,0,0.0936242,-0.0751616
2,1,0,0,2500000.0,0.1,0.1,0.0828665,-0.0839123
2,1,0,2500000.0,0,0,0,0.1055825,-0.0521642
2,1,0,2500000.0,0,0,0.1,0.095452,-0.075027
2,1,0,2500000.0,0,0.1,0,0.0938889,-0.0740857
2,1,0,2500000.0,0,0.1,0.1,0.0829892,-0.0830884
2,1,0,2500000.0,2500000.0,0,0,0.0865998,-0.0639782
2,1,0,2500000.0,2500000.0,0,0.1,0.0789565,-0.0769574
2,1,0,2500000.0,2500000.0,0.1,0,0.0776211,-0.0763367
2,1,0,2500000.0,2500000.0,0.1,0.1,0.0688324,-0.0815937
2,1,1,0,0,0,0,0.3464429,-0.0034373
2,1,1,0,0,0,0.1,0.306949,-0.0032069
2,1,1,0,0,0.1,0,0.3070685,-0.0031241
2,1,1,0,0,0.1,0.1,0.2721257,-0.0029078
2,1,1,0,2500000.0,0,0,0.3019498,-0.0029855
2,1,1,0,2500000.0,0,0.1,0.2671532,-0.0027904
2,1,1,0,2500000.0,0.1,0,0.2679184,-0.0027126
2,1,1,0,2500000.0,0.1,0.1,0.2371009,-0.0025294
2,1,1,2500000.0,0,0,0,0.3020685,-0.0029298
2,1,1,2500000.0,0,0,0.1,0.2679252,-0.0027246
2,1,1,2500000.0,0,0.1,0,0.2673731,-0.0026649
2,1,1,2500000.0,0,0.1,0.1,0.2372083,-0.0024724
2,1,1,2500000.0,2500000.0,0,0,0.2654808,-0.0025632
2,1,1,2500000.0,2500000.0,0,0.1,0.2351931,-0.0023879
2,1,1,2500000.0,2500000.0,0.1,0,0.2352869,-0.0023316
2,1,1,2500000.0,2500000.0,0.1,0.1,0.2084956,-0.0021671
2,1,2,0,0,0,0,0.3229178,-0.0058073
2,1,2,0,0,0,0.1,0.2824001,-0.0055753
2,1,2,0,0,0.1,0,0.2825622,-0.0054696
2,1,2,0,0,0.1,0.1,0.2471315,-0.0052307
2,1,2,0,2500000.0,0,0,0.2799078,-0.0048429
2,1,2,0,2500000.0,0,0.1,0.2445578,-0.0046585
2,1,2,0,2500000.0,0.1,0,0.2449278,-0.0045652
2,1,2,0,2500000.0,0.1,0.1,0.2140309,-0.0043734
2,1,2,2500000.0,0,0,0,0.280206,-0.00486
2,1,2,2500000.0,0,0,0.1,0.2450579,-0.0046603
2,1,2,2500000.0,0,0.1,0,0.2449862,-0.0045749
2,1,2,2500000.0,0,0.1,0.1,0.2142915,-0.0043687
2,1,2,2500000.0,2500000.0,0,0,0.2443464,-0.0040576
2,1,2,2500000.0,2500000.0,0,0.1,0.2135551,-0.0038993
2,1,2,2500000.0,2500000.0,0.1,0,0.2136928,-0.0038236
2,1,2,2500000.0,2500000.0,0.1,0.1,0.1868079,-0.0036587
2,1,3,0,0,0,0,0.2769769,-0.007585
2,1,3,0,0,0,0.1,0.2370563,-0.0076199
2,1,3,0,0,0.1,0,0.2373745,-0.0074507
2,1,3,0,0,0.1,0.1,0.2028152,-0.0074502
2,1,3,0,2500000.0,0,0,0.2367496,-0.0064083
2,1,3,0,2500000.0,0,0.1,0.2021435,-0.0064619
2,1,3,0,2500000.0,0.1,0,0.202526,-0.0063164
2,1,3,0,2500000.0,0.1,0.1,0.1726516,-0.006332
2,1,3,2500000.0,0,0,0,0.2372365,-0.0064348
2,1,3,2500000.0,0,0,0.1,0.2026851,-0.0064671
2,1,3,2500000.0,0,0.1,0,0.2029124,-0.0063185
2,1,3,2500000.0,0,0.1,0.1,0.1730904,-0.0063119
2,1,3,2500000.0,2500000.0,0,0,0.2040582,-0.0054193
2,1,3,2500000.0,2500000.0,0,0.1,0.1740448,-0.0054642
2,1,3,2500000.0,2500000.0,0.1,0,0.1743349,-0.0053362
2,1,3,2500000.0,2500000.0,0.1,0.1,0.148496,-0.0053421
2,1,4,0,0,0,0,0.246084,-0.0093531
2,1,4,0,0,0,0.1,0.2052296,-0.0099756
2,1,4,0,0,0.1,0,0.2057573,-0.0097107
2,1,4,0,0,0.1,0.1,0.170449,-0.0103359
2,1,4,0,2500000.0,0,0,0.2069142,-0.0081292
2,1,4,0,2500000.0,0,0.1,0.1715099,-0.0087346
2,1,4,0,2500000.0,0.1,0,0.1720558,-0.0085067
2,1,4,0,2500000.0,0.1,0.1,0.141679,-0.009068
2,1,4,2500000.0,0,0,0,0.2075856,-0.0081653
2,1,4,2500000.0,0,0,0.1,0.1721904,-0.0087378
2,1,4,2500000.0,0,0.1,0,0.1726962,-0.0084903
2,1,4,2500000.0,0,0.1,0.1,0.1423149,-0.0090113
2,1,4,2500000.0,2500000.0,0,0,0.1757603,-0.0070393
2,1,4,2500000.0,2500000.0,0,0.1,0.1451539,-0.007556
2,1,4,2500000.0,2500000.0,0.1,0,0.1456659,-0.0073458
2,1,4,2500000.0,2500000.0,0.1,0.1,0.1196211,-0.0077672
2,2,0,0,0,0,0,0.6086375,0.0024268
2,2,0,0,0,0,0.1,0.5396893,0.0022641
2,2,0,0,0,0.1,0,0.539699,0.0022615
2,2,0,0,0,0.1,0.1,0.4783715,0.002111
2,2,0,0,2500000.0,0,0,0.5289858,0.0023545
2,2,0,0,2500000.0,0,0.1,0.4686327,0.0022121
2,2,0,0,2500000.0,0.1,0,0.4686347,0.0022037
2,2,0,0,2500000.0,0.1,0.1,0.4149779,0.0020715
2,2,0,2500000.0,0,0,0,0.5291002,0.0022679
2,2,0,2500000.0,0,0,0.1,0.4687301,0.0021266
2,2,0,2500000.0,0,0.1,0,0.4687513,0.0021248
2,2,0,2500000.0,0,0.1,0.1,0.4150781,0.0019934
2,2,0,2500000.0,2500000.0,0,0,0.4598225,0.0021946
2,2,0,2500000.0,2500000.0,0,0.1,0.4069601,0.0020719
2,2,0,2500000.0,2500000.0,0.1,0,0.4069732,0.0020644
2,2,0,2500000.0,2500000.0,0.1,0.1,0.3599972,0.00195
2,2,1,0,0,0,0,0.3180599,-0.0022582
2,2,1,0,0,0,0.1,0.2781216,-0.0021167
2,2,1,0,0,0.1,0,0.2781741,-0.0020794
2,2,1,0,0,0.1,0.1,0.2432699,-0.0019406
2,2,1,0,2500000.0,0,0,0.2707293,-0.0019153
2,2,1,0,2500000.0,0,0.1,0.2357882,-0.0017992
2,2,1,0,2500000.0,0.1,0,0.2373369,-0.0017554
2,2,1,0,2500000.0,0.1,0.1,0.2067487,-0.0016412
2,2,1,2500000.0,0,0,0,0.2708296,-0.0018816
2,2,1,2500000.0,0,0,0.1,0.2373919,-0.0017497
2,2,1,2500000.0,0,0.1,0,0.2359392,-0.0017315
2,2,1,2500000.0,0,0.1,0.1,0.2068528,-0.0016024
2,2,1,2500000.0,2500000.0,0,0,0.234239,-0.0015847
2,2,1,2500000.0,2500000.0,0,0.1,0.2046697,-0.0014764
2,2,1,2500000.0,2500000.0,0.1,0,0.2047093,-0.001453
2,2,1,2500000.0,2500000.0,0.1,0.1,0.1789197,-0.001347
2,2,2,0,0,0,0,0.5128562,-0.0007698
2,2,2,0,0,0,0.1,0.4527801,-0.0007556
2,2,2,0,0,0.1,0,0.4527809,-0.000756
2,2,2,0,0,0.1,0.1,0.3995847,-0.0007405
2,2,2,0,2500000.0,0,0,0.4433747,-0.0005071
2,2,2,0,2500000.0,0,0.1,0.390665,-0.0005055
2,2,2,0,2500000.0,0.1,0,0.3913963,-0.0005015
2,2,2,0,2500000.0,0.1,0.1,0.3447166,-0.0004987
2,2,2,2500000.0,0,0,0,0.443425,-0.0005905
2,2,2,2500000.0,0,0,0.1,0.3914435,-0.0005767
2,2,2,2500000.0,0,0.1,0,0.3907121,-0.0005887
2,2,2,2500000.0,0,0.1,0.1,0.3447608,-0.000574
2,2,2,2500000.0,2500000.0,0,0,0.3849805,-0.0003619
2,2,2,2500000.0,2500000.0,0,0.1,0.3392618,-0.0003588
2,2,2,2500000.0,2500000.0,0.1,0,0.3392613,-0.0003661
2,2,2,2500000.0,2500000.0,0.1,0.1,0.2988348,-0.0003622
2,2,3,0,0,0,0,0.5635962,0.0002972
2,2,3,0,0,0,0.1,0.4987406,0.0002519
2,2,3,0,0,0.1,0,0.4987442,0.0002492
2,2,3,0,0,0.1,0.1,0.4411707,0.0002085
2,2,3,0,2500000.0,0,0,0.4886628,0.0004655
2,2,3,0,2500000.0,0,0.1,0.431822,0.0004182
2,2,3,0,2500000.0,0.1,0,0.4321824,0.0004152
2,2,3,0,2500000.0,0.1,0.1,0.3817332,0.0003718
2,2,3,2500000.0,0,0,0,0.4887447,0.0003748
2,2,3,2500000.0,0,0,0.1,0.4322543,0.0003351
2,2,3,2500000.0,0,0.1,0,0.4319026,0.0003262
2,2,3,2500000.0,0,0.1,0.1,0.3818042,0.0002901
2,2,3,2500000.0,2500000.0,0,0,0.4245279,0.0005182
2,2,3,2500000.0,2500000.0,0,0.1,0.3749569,0.0004773
2,2,3,2500000.0,2500000.0,0.1,0,0.374962,0.0004683
2,2,3,2500000.0,2500000.0,0.1,0.1,0.3310059,0.0004303
2,2,4,0,0,0,0,0.582655,0.0008561
2,2,4,0,0,0,0.1,0.5160402,0.0007804
2,2,4,0,0,0.1,0,0.5160461,0.0007773
2,2,4,0,0,0.1,0.1,0.4568599,0.0007081
2,2,4,0,2500000.0,0,0,0.5057038,0.000969
2,2,4,0,2500000.0,0,0.1,0.4473495,0.000897
2,2,4,0,2500000.0,0.1,0,0.447562,0.0008917
2,2,4,0,2500000.0,0.1,0.1,0.3957308,0.0008251
2,2,4,2500000.0,0,0,0,0.5057999,0.000878
2,2,4,2500000.0,0,0,0.1,0.4476444,0.0008115
2,2,4,2500000.0,0,0.1,0,0.4474461,0.0008045
2,2,4,2500000.0,0,0.1,0.1,0.3958143,0.0007431
2,2,4,2500000.0,2500000.0,0,0,0.4394256,0.0009719
2,2,4,2500000.0,2500000.0,0,0.1,0.3884383,0.0009092
2,2,4,2500000.0,2500000.0,0.1,0,0.3884465,0.0009001
2,2,4,2500000.0,2500000.0,0.1,0.1,0.3431913,0.0008418
2,3,0,0,0,0,0,0.702424,0.0022739
2,3,0,0,0,0,0.1,0.6262676,0.0021221
2,3,0,0,0,0.1,0,0.6262399,0.0021105
2,3,0,0,0,0.1,0.1,0.558259,0.0019695
2,3,0,0,2500000.0,0,0,0.6133094,0.0021015
2,3,0,0,2500000.0,0,0.1,0.5465599,0.0019707
2,3,0,0,2500000.0,0.1,0,0.5465215,0.001956
2,3,0,0,2500000.0,0.1,0.1,0.4869581,0.0018339
2,3,0,2500000.0,0,0,0,0.6133652,0.0019924
2,3,0,2500000.0,0,0,0.1,0.5465999,0.0018668
2,3,0,2500000.0,0,0.1,0,0.5465822,0.0018543
2,3,0,2500000.0,0,0.1,0.1,0.4870036,0.0017371
2,3,0,2500000.0,2500000.0,0,0,0.5355288,0.0018441
2,3,0,2500000.0,2500000.0,0,0.1,0.4770007,0.0017363
2,3,0,2500000.0,2500000.0,0.1,0,0.4769723,0.0017208
2,3,0,2500000.0,2500000.0,0.1,0.1,0.4247628,0.0016197
2,3,1,0,0,0,0,0.2716954,-0.0024381
2,3,1,0,0,0,0.1,0.2327419,-0.0023512
2,3,1,0,0,0.1,0,0.2328122,-0.0022884
2,3,1,0,0,0.1,0.1,0.1991665,-0.0021858
2,3,1,0,2500000.0,0,0,0.225097,-0.0021241
2,3,1,0,2500000.0,0,0.1,0.1910491,-0.0020523
2,3,1,0,2500000.0,0.1,0,0.1933305,-0.0019669
2,3,1,0,2500000.0,0.1,0.1,0.1639205,-0.001876
2,3,1,2500000.0,0,0,0,0.2252406,-0.0020655
2,3,1,2500000.0,0,0,0.1,0.1934205,-0.0019615
2,3,1,2500000.0,0,0.1,0,0.1912683,-0.0019258
2,3,1,2500000.0,0,0.1,0.1,0.1640832,-0.0018041
2,3,1,2500000.0,2500000.0,0,0,0.1913926,-0.0017476
2,3,1,2500000.0,2500000.0,0,0.1,0.1632557,-0.0016607
2,3,1,2500000.0,2500000.0,0.1,0,0.1633058,-0.0016085
2,3,1,2500000.0,2500000.0,0.1,0.1,0.1392069,-0.0015047
2,3,2,0,0,0,0,0.5619404,-8.3e-05
2,3,2,0,0,0,0.1,0.4972042,-9.63e-05
2,3,2,0,0,0.1,0,0.4971871,-9.77e-05
2,3,2,0,0,0.1,0.1,0.4397262,-0.0001092
2,3,2,0,2500000.0,0,0,0.4862228,1.99e-05
2,3,2,0,2500000.0,0,0.1,0.4293588,1.7e-06
2,3,2,0,2500000.0,0.1,0,0.4301694,5.8e-06
2,3,2,0,2500000.0,0.1,0.1,0.3796807,-1.09e-05
2,3,2,2500000.0,0,0,0,0.4862235,-6.63e-05
2,3,2,2500000.0,0,0,0.1,0.4301886,-7.21e-05
2,3,2,2500000.0,0,0.1,0,0.4293386,-8.32e-05
2,3,2,2500000.0,0,0.1,0.1,0.3796792,-8.79e-05
2,3,2,2500000.0,2500000.0,0,0,0.4223427,3.12e-05
2,3,2,2500000.0,2500000.0,0,0.1,0.37301,2.07e-05
2,3,2,2500000.0,2500000.0,0.1,0,0.3729888,1.49e-05
2,3,2,2500000.0,2500000.0,0.1,0.1,0.3292496,5.2e-06
2,3,3,0,0,0,0,0.6370323,0.0007699
2,3,3,0,0,0,0.1,0.5661808,0.0007126
2,3,3,0,0,0.1,0,0.5661576,0.0007052
2,3,3,0,0,0.1,0.1,0.5030676,0.0006524
2,3,3,0,2500000.0,0,0,0.55415,0.0007849
2,3,3,0,2500000.0,0,0.1,0.4919949,0.0007314
2,3,3,0,2500000.0,0.1,0,0.4923492,0.0007254
2,3,3,0,2500000.0,0.1,0.1,0.4370069,0.0006757
2,3,3,2500000.0,0,0,0,0.5541731,0.000683
2,3,3,2500000.0,0,0,0.1,0.4923931,0.0006388
2,3,3,2500000.0,0,0.1,0,0.4919905,0.0006261
2,3,3,2500000.0,0,0.1,0.1,0.4370238,0.0005852
2,3,3,2500000.0,2500000.0,0,0,0.4828099,0.0007026
2,3,3,2500000.0,2500000.0,0,0.1,0.4285538,0.0006611
2,3,3,2500000.0,2500000.0,0.1,0,0.4285294,0.0006498
2,3,3,2500000.0,2500000.0,0.1,0.1,0.3802582,0.000611
2,3,4,0,0,0,0,0.6649154,0.001176
2,3,4,0,0,0,0.1,0.591794,0.0010946
2,3,4,0,0,0.1,0,0.5917693,0.0010854
2,3,4,0,0,0.1,0.1,0.5265879,0.0010101
2,3,4,0,2500000.0,0,0,0.5793693,0.0011449
2,3,4,0,2500000.0,0,0.1,0.5152479,0.0010717
2,3,4,0,2500000.0,0.1,0,0.5154364,0.0010624
2,3,4,0,2500000.0,0.1,0.1,0.4582888,0.0009942
2,3,4,2500000.0,0,0,0,0.5794039,0.0010384
2,3,4,2500000.0,0,0,0.1,0.5154921,0.0009735
2,3,4,2500000.0,0,0.1,0,0.5152532,0.0009603
2,3,4,2500000.0,0,0.1,0.1,0.4583156,0.0008999
2,3,4,2500000.0,2500000.0,0,0,0.5052714,0.0010173
2,3,4,2500000.0,2500000.0,0,0.1,0.4491878,0.0009588
2,3,4,2500000.0,2500000.0,0.1,0,0.4491625,0.0009457
2,3,4,2500000.0,2500000.0,0.1,0.1,0.3992077,0.0008908
2,4,0,0,0,0,0,0.7368349,0.0020579
2,4,0,0,0,0,0.1,0.6579774,0.0019193
2,4,0,0,0,0.1,0,0.6579422,0.0019067
2,4,0,0,0,0.1,0.1,0.5874667,0.001778
2,4,0,0,2500000.0,0,0,0.6442315,0.0018666
2,4,0,0,2500000.0,0,0.1,0.5750776,0.001749
2,4,0,0,2500000.0,0.1,0,0.5750305,0.0017338
2,4,0,0,2500000.0,0.1,0.1,0.5132452,0.001624
2,4,0,2500000.0,0,0,0,0.644271,0.0017446
2,4,0,2500000.0,0,0,0.1,0.5751017,0.001634
2,4,0,2500000.0,0,0.1,0,0.5750761,0.0016193
2,4,0,2500000.0,0,0.1,0.1,0.5132759,0.0015162
2,4,0,2500000.0,2500000.0,0,0,0.5632824,0.0015858
2,4,0,2500000.0,2500000.0,0,0.1,0.5026168,0.0014924
2,4,0,2500000.0,2500000.0,0.1,0,0.5025797,0.0014754
2,4,0,2500000.0,2500000.0,0.1,0.1,0.4483937,0.0013879
2,4,1,0,0,0,0,0.2398004,-0.0029721
2,4,1,0,0,0,0.1,0.2002897,-0.0029886
2,4,1,0,0,0.1,0,0.2003837,-0.0028855
2,4,1,0,0,0.1,0.1,0.1664781,-0.0028415
2,4,1,0,2500000.0,0,0,0.1923471,-0.0027159
2,4,1,0,2500000.0,0,0.1,0.1575739,-0.0027161
2,4,1,0,2500000.0,0.1,0,0.1606785,-0.0025605
2,4,1,0,2500000.0,0.1,0.1,0.1310896,-0.0024541
2,4,1,2500000.0,0,0,0,0.1925432,-0.0026258
2,4,1,2500000.0,0,0,0.1,0.1608133,-0.0025627
2,4,1,2500000.0,0,0.1,0,0.1578865,-0.002498
2,4,1,2500000.0,0,0.1,0.1,0.1313367,-0.0023311
2,4,1,2500000.0,2500000.0,0,0,0.160064,-0.0022552
2,4,1,2500000.0,2500000.0,0,0.1,0.1319839,-0.0021737
2,4,1,2500000.0,2500000.0,0.1,0,0.1320482,-0.002073
2,4,1,2500000.0,2500000.0,0.1,0.1,0.1086505,-0.0018818
2,4,2,0,0,0,0,0.5804039,8.73e-05
2,4,2,0,0,0,0.1,0.5139446,6.57e-05
2,4,2,0,0,0.1,0,0.5139224,6.73e-05
2,4,2,0,0,0.1,0.1,0.4548832,4.78e-05
2,4,2,0,2500000.0,0,0,0.5023985,0.0001324
2,4,2,0,2500000.0,0,0.1,0.4439988,0.0001091
2,4,2,0,2500000.0,0.1,0,0.4448366,0.0001159
2,4,2,0,2500000.0,0.1,0.1,0.3929385,9.42e-05
2,4,2,2500000.0,0,0,0,0.5023841,4.49e-05
2,4,2,2500000.0,0,0,0.1,0.4448472,3.41e-05
2,4,2,2500000.0,0,0.1,0,0.4439581,2.61e-05
2,4,2,2500000.0,0,0.1,0.1,0.392923,1.65e-05
2,4,2,2500000.0,2500000.0,0,0,0.4365016,9.57e-05
2,4,2,2500000.0,2500000.0,0,0.1,0.3858299,8.26e-05
2,4,2,2500000.0,2500000.0,0.1,0,0.385802,7.96e-05
2,4,2,2500000.0,2500000.0,0.1,0.1,0.3408339,6.73e-05
2,4,3,0,0,0,0,0.664409,0.0008109
2,4,3,0,0,0,0.1,0.5913208,0.0007529
2,4,3,0,0,0.1,0,0.591291,0.0007465
2,4,3,0,0,0.1,0.1,0.5261414,0.0006929
2,4,3,0,2500000.0,0,0,0.5785992,0.0007782
2,4,3,0,2500000.0,0,0.1,0.5144588,0.0007262
2,4,3,0,2500000.0,0.1,0,0.5148119,0.0007213
2,4,3,0,2500000.0,0.1,0.1,0.4576404,0.0006728
2,4,3,2500000.0,0,0,0,0.5786055,0.0006698
2,4,3,2500000.0,0,0,0.1,0.5148472,0.0006281
2,4,3,2500000.0,0,0.1,0,0.5144312,0.000616
2,4,3,2500000.0,0,0.1,0.1,0.4576422,0.0005773
2,4,3,2500000.0,2500000.0,0,0,0.5046101,0.0006526
2,4,3,2500000.0,2500000.0,0,0.1,0.4485993,0.000615
2,4,3,2500000.0,2500000.0,0.1,0,0.448567,0.0006044
2,4,3,2500000.0,2500000.0,0.1,0.1,0.3986783,0.0005692
2,4,4,0,0,0,0,0.6953864,0.001147
2,4,4,0,0,0,0.1,0.6198306,0.0010688
2,4,4,0,0,0.1,0,0.6197987,0.0010598
2,4,4,0,0,0.1,0.1,0.5523724,0.0009873
2,4,4,0,2500000.0,0,0,0.6066707,0.0010748
2,4,4,0,2500000.0,0,0.1,0.5403867,0.0010063
2,4,4,0,2500000.0,0.1,0,0.5405692,0.0009977
2,4,4,0,2500000.0,0.1,0.1,0.481426,0.0009338
2,4,4,2500000.0,0,0,0,0.6066881,0.0009597
2,4,4,2500000.0,0,0,0.1,0.5406162,0.0009008
2,4,4,2500000.0,0,0.1,0,0.5403677,0.0008872
2,4,4,2500000.0,0,0.1,0.1,0.4814373,0.0008324
2,4,4,2500000.0,2500000.0,0,0,0.5296964,0.0009079
2,4,4,2500000.0,2500000.0,0,0.1,0.4716958,0.0008563
2,4,4,2500000.0,2500000.0,0.1,0,0.4716622,0.0008432
2,4,4,2500000.0,2500000.0,0.1,0.1,0.4199376,0.0007948
3,0,0,0,0,0,0,0.9012251,0.0006036
3,0,0,0,0,0,0.1,0.8092601,0.0005594
3,0,0,0,0,0.1,0,0.8092517,0.0005566
3,0,0,0,0,0.1,0.1,0.7266661,0.0005155
3,0,0,0,2500000.0,0,0,0.7914748,0.0004271
3,0,0,0,2500000.0,0,0.1,0.7106533,0.0004012
3,0,0,0,2500000.0,0.1,0,0.710638,0.0003966
3,0,0,0,2500000.0,0.1,0.1,0.6380654,0.0003722
3,0,0,2500000.0,0,0,0,0.7915192,0.0003563
3,0,0,2500000.0,0,0,0.1,0.7106871,0.0003356
3,0,0,2500000.0,0,0.1,0,0.7106837,0.0003304
3,0,0,2500000.0,0,0.1,0.1,0.638101,0.0003109
3,0,0,2500000.0,2500000.0,0,0,0.695156,0.0002242
3,0,0,2500000.0,2500000.0,0,0.1,0.6241133,0.0002174
3,0,0,2500000.0,2500000.0,0.1,0,0.6241032,0.0002106
3,0,0,2500000.0,2500000.0,0.1,0.1,0.5603164,0.0002037
3,0,1,0,0,0,0,0.1609113,-0.0726246
3,0,1,0,0,0,0.1,0.1390563,-0.0873609
3,0,1,0,0,0.1,0,0.1388954,-0.0872263
3,0,1,0,0,0.1,0.1,0.1203115,-0.094237
3,0,1,0,2500000.0,0,0,0.1342659,-0.0915402
3,0,1,0,2500000.0,0,0.1,0.1159193,-0.0986711
3,0,1,0,2500000.0,0.1,0,0.1163428,-0.0954499
3,0,1,0,2500000.0,0.1,0.1,0.1004228,-0.0987779
3,0,1,2500000.0,0,0,0,0.1341335,-0.0912903
3,0,1,2500000.0,0,0,0.1,0.1163318,-0.0953185
3,0,1,2500000.0,0,0.1,0,0.115705,-0.0983979
3,0,1,2500000.0,0,0.1,0.1,0.100323,-0.0986048
3,0,1,2500000.0,2500000.0,0,0,0.113173,-0.0917531
3,0,1,2500000.0,2500000.0,0,0.1,0.0977493,-0.0941812
3,0,1,2500000.0,2500000.0,0.1,0,0.0976793,-0.0941312
3,0,1,2500000.0,2500000.0,0.1,0.1,0.0843041,-0.0939593
3,0,2,0,0,0,0,0.6991156,0.0001455
3,0,2,0,0,0,0.1,0.6231546,0.0001238
3,0,2,0,0,0.1,0,0.6231466,0.0001352
3,0,2,0,0,0.1,0.1,0.5553483,0.0001151
3,0,2,0,2500000.0,0,0,0.608092,4.54e-05
3,0,2,0,2500000.0,0,0.1,0.5413197,3.32e-05
3,0,2,0,2500000.0,0.1,0,0.5421704,4.53e-05
3,0,2,0,2500000.0,0.1,0.1,0.4825482,3.37e-05
3,0,2,2500000.0,0,0,0,0.6080775,1.44e-05
3,0,2,2500000.0,0,0,0.1,0.5421668,8.5e-06
3,0,2,2500000.0,0,0.1,0,0.5412935,1.35e-05
3,0,2,2500000.0,0,0.1,0.1,0.482533,7.8e-06
3,0,2,2500000.0,2500000.0,0,0,0.530562,-5.66e-05
3,0,2,2500000.0,2500000.0,0,0.1,0.4725071,-5.57e-05
3,0,2,2500000.0,2500000.0,0.1,0,0.4724937,-5.01e-05
3,0,2,2500000.0,2500000.0,0.1,0.1,0.4207091,-4.96e-05
3,0,3,0,0,0,0,0.8085353,0.0003005
3,0,3,0,0,0,0.1,0.7239822,0.0002751
3,0,3,0,0,0.1,0,0.7239728,0.000278
3,0,3,0,0,0.1,0.1,0.6482353,0.0002544
3,0,3,0,2500000.0,0,0,0.7074565,0.0001698
3,0,3,0,2500000.0,0,0.1,0.6331531,0.000157
3,0,3,0,2500000.0,0.1,0,0.6335172,0.0001599
3,0,3,0,2500000.0,0.1,0.1,0.5669533,0.0001477
3,0,3,2500000.0,0,0,0,0.7074693,0.0001184
3,0,3,2500000.0,0,0,0.1,0.6335386,0.0001117
3,0,3,2500000.0,0,0.1,0,0.6331524,0.0001102
3,0,3,2500000.0,0,0.1,0.1,0.5669616,0.0001038
3,0,3,2500000.0,2500000.0,0,0,0.6197798,2.44e-05
3,0,3,2500000.0,2500000.0,0,0.1,0.5547535,2.68e-05
3,0,3,2500000.0,2500000.0,0.1,0,0.5547416,2.53e-05
3,0,3,2500000.0,2500000.0,0.1,0.1,0.4965144,2.72e-05
3,0,4,0,0,0,0,0.8484253,0.0003702
3,0,4,0,0,0,0.1,0.7606911,0.0003414
3,0,4,0,0,0.1,0,0.7606818,0.0003418
3,0,4,0,0,0.1,0.1,0.6820053,0.0003152
3,0,4,0,2500000.0,0,0,0.743619,0.000227
3,0,4,0,2500000.0,0,0.1,0.6665193,0.0002123
3,0,4,0,2500000.0,0.1,0,0.6667187,0.0002124
3,0,4,0,2500000.0,0.1,0.1,0.5975772,0.0001984
3,0,4,2500000.0,0,0,0,0.743644,0.000168
3,0,4,2500000.0,0,0,0.1,0.6667508,0.0001595
3,0,4,2500000.0,0,0.1,0,0.6665307,0.000156
3,0,4,2500000.0,0,0.1,0.1,0.5975961,0.0001478
3,0,4,2500000.0,2500000.0,0,0,0.6522191,6.45e-05
3,0,4,2500000.0,2500000.0,0,0.1,0.5846113,6.61e-05
3,0,4,2500000.0,2500000.0,0.1,0,0.5846004,6.23e-05
3,0,4,2500000.0,2500000.0,0.1,0.1,0.5239877,6.34e-05
3,1,0,0,0,0,0,0.1625375,-0.0609878
3,1,0,0,0,0,0.1,0.1420339,-0.0828107
3,1,0,0,0,0.1,0,0.140778,-0.0814144
3,1,0,0,0,0.1,0.1,0.1234502,-0.0914307
3,1,0,0,2500000.0,0,0,0.1362176,-0.0706689
3,1,0,0,2500000.0,0,0.1,0.1199368,-0.0845705
3,1,0,0,2500000.0,0.1,0,0.1187444,-0.0834707
3,1,0,0,2500000.0,0.1,0.1,0.104326,-0.0897445
3,1,0,2500000.0,0,0,0,0.1363292,-0.069104
3,1,0,2500000.0,0,0,0.1,0.1199057,-0.0834683
3,1,0,2500000.0,0,0.1,0,0.1188377,-0.0824467
3,1,0,2500000.0,0,0.1,0.1,0.1043251,-0.0889271
3,1,0,2500000.0,2500000.0,0,0,0.114618,-0.0727213
3,1,0,2500000.0,2500000.0,0,0.1,0.1012072,-0.082345
3,1,0,2500000.0,2500000.0,0.1,0,0.100181,-0.0815154
3,1,0,2500000.0,2500000.0,0.1,0.1,0.0880545,-0.0855341
3,1,1,0,0,0,0,0.2702043,-0.0038014
3,1,1,0,0,0,0.1,0.2361329,-0.0036227
3,1,1,0,0,0.1,0,0.2363428,-0.0034646
3,1,1,0,0,0.1,0.1,0.2065524,-0.0032891
3,1,1,0,2500000.0,0,0,0.2335239,-0.0033676
3,1,1,0,2500000.0,0,0.1,0.2035232,-0.003219
3,1,1,0,2500000.0,0.1,0,0.2046043,-0.0030651
3,1,1,0,2500000.0,0.1,0.1,0.1783349,-0.0029185
3,1,1,2500000.0,0,0,0,0.2336773,-0.0032726
3,1,1,2500000.0,0,0,0.1,0.2045607,-0.0031003
3,1,1,2500000.0,0,0.1,0,0.2038633,-0.0029906
3,1,1,2500000.0,0,0.1,0.1,0.1784761,-0.002822
3,1,1,2500000.0,2500000.0,0,0,0.2045681,-0.002905
3,1,1,2500000.0,2500000.0,0,0.1,0.1786877,-0.0027598
3,1,1,2500000.0,2500000.0,0.1,0,0.1788591,-0.0026521
3,1,1,2500000.0,2500000.0,0.1,0.1,0.1562482,-0.0025095
3,1,2,0,0,0,0,0.2785509,-0.0064076
3,1,2,0,0,0,0.1,0.2388663,-0.0063989
3,1,2,0,0,0.1,0,0.2392184,-0.0061605
3,1,2,0,0,0.1,0.1,0.204873,-0.0061107
3,1,2,0,2500000.0,0,0,0.2391007,-0.0054284
3,1,2,0,2500000.0,0,0.1,0.2045471,-0.0054309
3,1,2,0,2500000.0,0.1,0,0.2052902,-0.00521
3,1,2,0,2500000.0,0.1,0.1,0.1754418,-0.0051705
3,1,2,2500000.0,0,0,0,0.2395793,-0.0054143
3,1,2,2500000.0,0,0,0.1,0.2054122,-0.0053866
3,1,2,2500000.0,0,0.1,0,0.2053308,-0.0051968
3,1,2,2500000.0,0,0.1,0.1,0.1758657,-0.0051277
3,1,2,2500000.0,2500000.0,0,0,0.2074949,-0.0045669
3,1,2,2500000.0,2500000.0,0,0.1,0.1776318,-0.0045516
3,1,2,2500000.0,2500000.0,0.1,0,0.1779402,-0.0043756
3,1,2,2500000.0,2500000.0,0.1,0.1,0.1522191,-0.0043213
3,1,3,0,0,0,0,0.247729,-0.0084873
3,1,3,0,0,0,0.1,0.2045404,-0.0094526
3,1,3,0,0,0.1,0,0.205284,-0.0089822
3,1,3,0,0,0.1,0.1,0.1676907,-0.010003
3,1,3,0,2500000.0,0,0,0.2083636,-0.0074241
3,1,3,0,2500000.0,0,0.1,0.1707343,-0.0083284
3,1,3,0,2500000.0,0.1,0,0.1716951,-0.0078827
3,1,3,0,2500000.0,0.1,0.1,0.1392562,-0.0087278
3,1,3,2500000.0,0,0,0,0.2092742,-0.0073715
3,1,3,2500000.0,0,0,0.1,0.1718727,-0.0082182
3,1,3,2500000.0,0,0.1,0,0.1723831,-0.0077953
3,1,3,2500000.0,0,0.1,0.1,0.1401428,-0.0085793
3,1,3,2500000.0,2500000.0,0,0,0.1774863,-0.0063721
3,1,3,2500000.0,2500000.0,0,0.1,0.1450266,-0.0071105
3,1,3,2500000.0,2500000.0,0.1,0,0.1457327,-0.0067189
3,1,3,2500000.0,2500000.0,0.1,0.1,0.1180896,-0.0072996
3,1,4,0,0,0,0,0.2228839,-0.0111998
3,1,4,0,0,0,0.1,0.1732855,-0.0155007
3,1,4,0,0,0.1,0,0.174645,-0.0144006
3,1,4,0,0,0.1,0.1,0.1286869,-0.0211028
3,1,4,0,2500000.0,0,0,0.1820259,-0.01067
3,1,4,0,2500000.0,0,0.1,0.1375738,-0.0152508
3,1,4,0,2500000.0,0.1,0,0.1392182,-0.0140849
3,1,4,0,2500000.0,0.1,0.1,0.0989233,-0.0170453
3,1,4,2500000.0,0,0,0,0.1834853,-0.0104767
3,1,4,2500000.0,0,0,0.1,0.1393929,-0.0147932
3,1,4,2500000.0,0,0.1,0,0.1406913,-0.0136645
3,1,4,2500000.0,0,0.1,0.1,0.1005786,-0.0168335
3,1,4,2500000.0,2500000.0,0,0,0.1508353,-0.0097556
3,1,4,2500000.0,2500000.0,0,0.1,0.1123316,-0.0132145
3,1,4,2500000.0,2500000.0,0.1,0,0.1138252,-0.0122322
3,1,4,2500000.0,2500000.0,0.1,0.1,0.0825367,-0.0115944
3,2,0,0,0,0,0,0.7017939,0.0020745
3,2,0,0,0,0,0.1,0.6256362,0.0019242
3,2,0,0,0,0.1,0,0.6256732,0.0019305
3,2,0,0,0,0.1,0.1,0.5576904,0.0017907
3,2,0,0,2500000.0,0,0,0.6126806,0.0018838
3,2,0,0,2500000.0,0,0.1,0.5459242,0.0017573
3,2,0,0,2500000.0,0.1,0,0.5459583,0.0017581
3,2,0,0,2500000.0,0.1,0.1,0.4863877,0.0016399
3,2,0,2500000.0,0,0,0,0.6128299,0.0018839
3,2,0,2500000.0,0,0,0.1,0.5460573,0.0017546
3,2,0,2500000.0,0,0.1,0,0.5461039,0.0017626
3,2,0,2500000.0,0,0.1,0.1,0.4865176,0.0016414
3,2,0,2500000.0,2500000.0,0,0,0.5349817,0.0017125
3,2,0,2500000.0,2500000.0,0,0.1,0.4764418,0.0016039
3,2,0,2500000.0,2500000.0,0.1,0,0.4764848,0.0016066
3,2,0,2500000.0,2500000.0,0.1,0.1,0.4242633,0.0015044
3,2,1,0,0,0,0,0.2718146,-0.002695
3,2,1,0,0,0,0.1,0.2327767,-0.0026317
3,2,1,0,0,0.1,0,0.232881,-0.0025558
3,2,1,0,0,0.1,0.1,0.1991343,-0.0024757
3,2,1,0,2500000.0,0,0,0.2252565,-0.0024453
3,2,1,0,2500000.0,0,0.1,0.1910654,-0.0024026
3,2,1,0,2500000.0,0.1,0,0.1934354,-0.0022985
3,2,1,0,2500000.0,0.1,0.1,0.1638633,-0.002235
3,2,1,2500000.0,0,0,0,0.2254472,-0.0023334
3,2,1,2500000.0,0,0,0.1,0.1935353,-0.0022419
3,2,1,2500000.0,0,0.1,0,0.1913773,-0.0022126
3,2,1,2500000.0,0,0.1,0.1,0.16408,-0.0021023
3,2,1,2500000.0,2500000.0,0,0,0.1916506,-0.0020655
3,2,1,2500000.0,2500000.0,0,0.1,0.1633851,-0.0019929
3,2,1,2500000.0,2500000.0,0.1,0,0.1634771,-0.0019425
3,2,1,2500000.0,2500000.0,0.1,0.1,0.1392287,-0.0018513
3,2,2,0,0,0,0,0.5614484,-0.0003166
3,2,2,0,0,0,0.1,0.4967473,-0.0003272
3,2,2,0,0,0.1,0,0.4967632,-0.0003205
3,2,2,0,0,0.1,0.1,0.439333,-0.0003287
3,2,2,0,2500000.0,0,0,0.4857785,-0.0002196
3,2,2,0,2500000.0,0,0.1,0.4289465,-0.0002316
3,2,2,0,2500000.0,0.1,0,0.4297895,-0.0002237
3,2,2,0,2500000.0,0.1,0.1,0.3793284,-0.0002339
3,2,2,2500000.0,0,0,0,0.4858595,-0.0002388
3,2,2,2500000.0,0,0,0.1,0.4298494,-0.0002432
3,2,2,2500000.0,0,0.1,0,0.429039,-0.0002475
3,2,2,2500000.0,0,0.1,0.1,0.3794001,-0.0002504
3,2,2,2500000.0,2500000.0,0,0,0.4220124,-0.0001518
3,2,2,2500000.0,2500000.0,0,0.1,0.3727024,-0.0001575
3,2,2,2500000.0,2500000.0,0.1,0,0.3727191,-0.0001601
3,2,2,2500000.0,2500000.0,0.1,0.1,0.3289984,-0.0001649
3,2,3,0,0,0,0,0.6364324,0.0005607
3,2,3,0,0,0,0.1,0.5656008,0.0005058
3,2,3,0,0,0.1,0,0.565628,0.0005096
3,2,3,0,0,0.1,0.1,0.5025545,0.0004595
3,2,3,0,2500000.0,0,0,0.5535731,0.0005654
3,2,3,0,2500000.0,0,0.1,0.4914341,0.0005179
3,2,3,0,2500000.0,0.1,0,0.4918405,0.0005192
3,2,3,0,2500000.0,0.1,0.1,0.4365112,0.0004753
3,2,3,2500000.0,0,0,0,0.5536981,0.0005497
3,2,3,2500000.0,0,0,0.1,0.4919286,0.0005046
3,2,3,2500000.0,0,0.1,0,0.4915805,0.0005039
3,2,3,2500000.0,0,0.1,0.1,0.4366211,0.0004623
3,2,3,2500000.0,2500000.0,0,0,0.4823433,0.0005531
3,2,3,2500000.0,2500000.0,0,0.1,0.4280952,0.0005144
3,2,3,2500000.0,2500000.0,0.1,0,0.4281258,0.0005114
3,2,3,2500000.0,2500000.0,0.1,0.1,0.3798597,0.0004753
3,2,4,0,0,0,0,0.6642912,0.0009723
3,2,4,0,0,0,0.1,0.5911828,0.0008932
3,2,4,0,0,0.1,0,0.5912147,0.0008968
3,2,4,0,0,0.1,0.1,0.5260437,0.0008238
3,2,4,0,2500000.0,0,0,0.578759,0.0009285
3,2,4,0,2500000.0,0,0.1,0.5146466,0.0008609
3,2,4,0,2500000.0,0.1,0,0.5148947,0.0008609
3,2,4,0,2500000.0,0.1,0.1,0.4577537,0.0007981
3,2,4,2500000.0,0,0,0,0.5788999,0.0009164
3,2,4,2500000.0,0,0,0.1,0.5149924,0.0008495
3,2,4,2500000.0,0,0.1,0,0.5148127,0.0008507
3,2,4,2500000.0,0,0.1,0.1,0.4578772,0.0007885
3,2,4,2500000.0,2500000.0,0,0,0.5047666,0.0008766
3,2,4,2500000.0,2500000.0,0,0.1,0.4486846,0.0008197
3,2,4,2500000.0,2500000.0,0.1,0,0.4487207,0.0008176
3,2,4,2500000.0,2500000.0,0.1,0.1,0.3987653,0.0007642
3,3,0,0,0,0,0,0.8090573,0.0016087
3,3,0,0,0,0,0.1,0.724466,0.0014916
3,3,0,0,0,0.1,0,0.7244685,0.0014906
3,3,0,0,0,0.1,0.1,0.6486947,0.0013816
3,3,0,0,2500000.0,0,0,0.7088336,0.0013907
3,3,0,0,2500000.0,0,0.1,0.6345826,0.0012962
3,3,0,0,2500000.0,0.1,0,0.6345809,0.001292
3,3,0,0,2500000.0,0.1,0.1,0.568082,0.0012036
3,3,0,2500000.0,0,0,0,0.7089171,0.0013584
3,3,0,2500000.0,0,0,0.1,0.6346538,0.0012646
3,3,0,2500000.0,0,0.1,0,0.6346625,0.0012639
3,3,0,2500000.0,0,0.1,0.1,0.568152,0.001176
3,3,0,2500000.0,2500000.0,0,0,0.6211009,0.0011748
3,3,0,2500000.0,2500000.0,0,0.1,0.5559091,0.0010998
3,3,0,2500000.0,2500000.0,0.1,0,0.5559135,0.0010961
3,3,0,2500000.0,2500000.0,0.1,0.1,0.4975388,0.0010253
3,3,1,0,0,0,0,0.2407235,-0.0031936
3,3,1,0,0,0,0.1,0.1986537,-0.0033834
3,3,1,0,0,0.1,0,0.1988358,-0.0032493
3,3,1,0,0,0.1,0.1,0.1623905,-0.003379
3,3,1,0,2500000.0,0,0,0.1886207,-0.0032326
3,3,1,0,2500000.0,0,0.1,0.1507115,-0.0034679
3,3,1,0,2500000.0,0.1,0,0.1549237,-0.0032029
3,3,1,0,2500000.0,0.1,0.1,0.1225559,-0.003214
3,3,1,2500000.0,0,0,0,0.188997,-0.0030188
3,3,1,2500000.0,0,0,0.1,0.1551676,-0.0030846
3,3,1,2500000.0,0,0.1,0,0.1514047,-0.0030367
3,3,1,2500000.0,0,0.1,0.1,0.1231102,-0.0028855
3,3,1,2500000.0,2500000.0,0,0,0.1540666,-0.0028152
3,3,1,2500000.0,2500000.0,0,0.1,0.1238002,-0.002836
3,3,1,2500000.0,2500000.0,0.1,0,0.1240015,-0.0026999
3,3,1,2500000.0,2500000.0,0.1,0.1,0.0991025,-0.0024269
3,3,2,0,0,0,0,0.6346535,8.3e-05
3,3,2,0,0,0,0.1,0.5639575,6.13e-05
3,3,2,0,0,0.1,0,0.5639551,6.69e-05
3,3,2,0,0,0.1,0.1,0.501009,4.74e-05
3,3,2,0,2500000.0,0,0,0.5507261,6.32e-05
3,3,2,0,2500000.0,0,0.1,0.4886068,4.55e-05
3,3,2,0,2500000.0,0.1,0,0.4894545,5.3e-05
3,3,2,0,2500000.0,0.1,0.1,0.4341242,3.68e-05
3,3,2,2500000.0,0,0,0,0.550748,4.04e-05
3,3,2,2500000.0,0,0,0.1,0.4894777,2.93e-05
3,3,2,2500000.0,0,0.1,0,0.4886227,2.74e-05
3,3,2,2500000.0,0,0.1,0.1,0.4341418,1.75e-05
3,3,2,2500000.0,2500000.0,0,0,0.4795561,3.08e-05
3,3,2,2500000.0,2500000.0,0,0.1,0.4256042,2.25e-05
3,3,2,2500000.0,2500000.0,0.1,0,0.4255998,2.25e-05
3,3,2,2500000.0,2500000.0,0.1,0.1,0.3776023,1.48e-05
3,3,3,0,0,0,0,0.7284147,0.0006492
3,3,3,0,0,0,0.1,0.6502839,0.0005977
3,3,3,0,0,0.1,0,0.6502841,0.0005982
3,3,3,0,0,0.1,0.1,0.5804769,0.0005506
3,3,3,0,2500000.0,0,0,0.6357701,0.0005615
3,3,3,0,2500000.0,0,0.1,0.567169,0.0005206
3,3,3,0,2500000.0,0.1,0,0.5675485,0.0005205
3,3,3,0,2500000.0,0.1,0.1,0.5062537,0.0004823
3,3,3,2500000.0,0,0,0,0.635825,0.0005301
3,3,3,2500000.0,0,0,0.1,0.5675982,0.000493
3,3,3,2500000.0,0,0.1,0,0.5672194,0.00049
3,3,3,2500000.0,0,0.1,0.1,0.5062994,0.0004554
3,3,3,2500000.0,2500000.0,0,0,0.5556988,0.0004617
3,3,3,2500000.0,2500000.0,0,0.1,0.4957358,0.0004329
3,3,3,2500000.0,2500000.0,0.1,0,0.4957365,0.0004294
3,3,3,2500000.0,2500000.0,0.1,0.1,0.4421915,0.0004021
3,3,4,0,0,0,0,0.7629056,0.0009068
3,3,4,0,0,0,0.1,0.6820121,0.000839
3,3,4,0,0,0.1,0,0.6820136,0.0008382
3,3,4,0,0,0.1,0.1,0.6096558,0.0007753
3,3,4,0,2500000.0,0,0,0.6670186,0.0007859
3,3,4,0,2500000.0,0,0.1,0.5960023,0.0007317
3,3,4,0,2500000.0,0.1,0,0.5962186,0.0007296
3,3,4,0,2500000.0,0.1,0.1,0.5327001,0.0006789
3,3,4,2500000.0,0,0,0,0.6670869,0.0007525
3,3,4,2500000.0,0,0,0.1,0.5962789,0.0007012
3,3,4,2500000.0,0,0.1,0,0.596067,0.0006982
3,3,4,2500000.0,0,0.1,0.1,0.5327574,0.0006503
3,3,4,2500000.0,2500000.0,0,0,0.5836649,0.0006553
3,3,4,2500000.0,2500000.0,0,0.1,0.521467,0.000615
3,3,4,2500000.0,2500000.0,0.1,0,0.5214697,0.0006107
3,3,4,2500000.0,2500000.0,0.1,0.1,0.4658611,0.0005726
3,4,0,0,0,0,0,0.8483005,0.0013354
3,4,0,0,0,0,0.1,0.7605747,0.0012377
3,4,0,0,0,0.1,0,0.76057,0.0012356
3,4,0,0,0,0.1,0.1,0.6819012,0.0011447
3,4,0,0,2500000.0,0,0,0.7439998,0.0011211
3,4,0,0,2500000.0,0,0.1,0.6669583,0.001045
3,4,0,0,2500000.0,0.1,0,0.6669489,0.0010404
3,4,0,0,2500000.0,0.1,0.1,0.597871,0.0009692
3,4,0,2500000.0,0,0,0,0.7440637,0.0010746
3,4,0,2500000.0,0,0,0.1,0.6670114,0.0010008
3,4,0,2500000.0,0,0.1,0,0.6670118,0.0009983
3,4,0,2500000.0,0,0.1,0.1,0.5979236,0.0009292
3,4,0,2500000.0,2500000.0,0,0,0.6525908,0.0008992
3,4,0,2500000.0,2500000.0,0,0.1,0.5849173,0.000843
3,4,0,2500000.0,2500000.0,0.1,0,0.5849131,0.0008381
3,4,0,2500000.0,2500000.0,0.1,0.1,0.5242433,0.0007849
3,4,1,0,0,0,0,0.2150872,-0.004371
3,4,1,0,0,0,0.1,0.1666519,-0.0055113
3,4,1,0,0,0.1,0,0.1669949,-0.0052269
3,4,1,0,0,0.1,0.1,0.1231419,-0.0056993
3,4,1,0,2500000.0,0,0,0.1522859,-0.0057622
3,4,1,0,2500000.0,0,0.1,0.1052082,-0.0049387
3,4,1,0,2500000.0,0.1,0,0.1121294,-0.0052442
3,4,1,0,2500000.0,0.1,0.1,0.0831437,-0.0017405
3,4,1,2500000.0,0,0,0,0.1531159,-0.0052383
3,4,1,2500000.0,0,0,0.1,0.1128538,-0.0049387
3,4,1,2500000.0,0,0.1,0,0.1071095,-0.0040253
3,4,1,2500000.0,0,0.1,0.1,0.0841529,-0.0013949
3,4,1,2500000.0,2500000.0,0,0,0.1128076,-0.0049746
3,4,1,2500000.0,2500000.0,0,0.1,0.0830744,-0.0020608
3,4,1,2500000.0,2500000.0,0.1,0,0.083469,-0.0018757
3,4,1,2500000.0,2500000.0,0.1,0.1,0.0682226,-0.0003777
3,4,2,0,0,0,0,0.6619599,0.0001565
3,4,2,0,0,0,0.1,0.5890291,0.0001321
3,4,2,0,0,0.1,0,0.5890234,0.0001396
3,4,2,0,0,0.1,0.1,0.5240195,0.0001173
3,4,2,0,2500000.0,0,0,0.5749953,0.0001004
3,4,2,0,2500000.0,0,0.1,0.5109027,8.21e-05
3,4,2,0,2500000.0,0.1,0,0.5117527,9.13e-05
3,4,2,0,2500000.0,0.1,0.1,0.4546038,7.43e-05
3,4,2,2500000.0,0,0,0,0.5749995,7.54e-05
3,4,2,2500000.0,0,0,0.1,0.5117632,6.35e-05
3,4,2,2500000.0,0,0.1,0,0.5108976,6.41e-05
3,4,2,2500000.0,0,0.1,0.1,0.4546054,5.32e-05
3,4,2,2500000.0,2500000.0,0,0,0.5011039,3.67e-05
3,4,2,2500000.0,2500000.0,0,0.1,0.4454153,2.91e-05
3,4,2,2500000.0,2500000.0,0.1,0,0.4454062,3.15e-05
3,4,2,2500000.0,2500000.0,0.1,0.1,0.3958071,2.43e-05
3,4,3,0,0,0,0,0.7623755,0.0005903
3,4,3,0,0,0,0.1,0.6815218,0.0005439
3,4,3,0,0,0.1,0,0.6815161,0.000545
3,4,3,0,0,0.1,0.1,0.6091961,0.000502
3,4,3,0,2500000.0,0,0,0.6661292,0.0004786
3,4,3,0,2500000.0,0,0.1,0.5951126,0.0004438
3,4,3,0,2500000.0,0.1,0,0.5954856,0.0004448
3,4,3,0,2500000.0,0.1,0.1,0.5319601,0.0004121
3,4,3,2500000.0,0,0,0,0.6661632,0.00044
3,4,3,2500000.0,0,0,0.1,0.595522,0.0004098
3,4,3,2500000.0,0,0.1,0,0.5951368,0.0004073
3,4,3,2500000.0,0,0.1,0.1,0.5319872,0.000379
3,4,3,2500000.0,2500000.0,0,0,0.5828096,0.0003546
3,4,3,2500000.0,2500000.0,0,0.1,0.5207055,0.0003332
3,4,3,2500000.0,2500000.0,0.1,0,0.5206992,0.0003306
3,4,3,2500000.0,2500000.0,0.1,0.1,0.4651754,0.0003102
3,4,4,0,0,0,0,0.7991887,0.0007865
3,4,4,0,0,0,0.1,0.7153937,0.0007278
3,4,4,0,0,0.1,0,0.7153887,0.0007272
3,4,4,0,0,0.1,0.1,0.6403521,0.0006726
3,4,4,0,2500000.0,0,0,0.6994927,0.0006486
3,4,4,0,2500000.0,0,0.1,0.6258985,0.0006039
3,4,4,0,2500000.0,0.1,0,0.6261071,0.0006025
3,4,4,0,2500000.0,0.1,0.1,0.5602069,0.0005606
3,4,4,2500000.0,0,0,0,0.6995396,0.0006056
3,4,4,2500000.0,0,0,0.1,0.6261544,0.000565
3,4,4,2500000.0,0,0.1,0,0.6259357,0.0005618
3,4,4,2500000.0,0,0.1,0.1,0.560245,0.0005238
3,4,4,2500000.0,2500000.0,0,0,0.6127021,0.0004978
3,4,4,2500000.0,2500000.0,0,0.1,0.5482152,0.0004682
3,4,4,2500000.0,2500000.0,0.1,0,0.5482102,0.0004643
3,4,4,2500000.0,2500000.0,0.1,0.1,0.4904854,0.0004361
4,0,0,0,0,0,0,0.9439036,0.0003516
4,0,0,0,0,0,0.1,0.8484776,0.0003254
4,0,0,0,0,0.1,0,0.8484743,0.0003243
4,0,0,0,0,0.1,0.1,0.7626942,0.0002999
4,0,0,0,2500000.0,0,0,0.8296167,0.0001779
4,0,0,0,2500000.0,0,0.1,0.7457151,0.0001696
4,0,0,0,2500000.0,0.1,0,0.7457076,0.0001672
4,0,0,0,2500000.0,0.1,0.1,0.6702903,0.0001591
4,0,0,2500000.0,0,0,0,0.8296644,0.0001351
4,0,0,2500000.0,0,0,0.1,0.7457542,0.0001299
4,0,0,2500000.0,0,0.1,0,0.7457542,0.0001275
4,0,0,2500000.0,0,0.1,0.1,0.6703288,0.0001222
4,0,0,2500000.0,2500000.0,0,0,0.7292468,5.6e-06
4,0,0,2500000.0,2500000.0,0,0.1,0.6554654,1.38e-05
4,0,0,2500000.0,2500000.0,0.1,0,0.6554612,1.02e-05
4,0,0,2500000.0,2500000.0,0.1,0.1,0.5891435,1.71e-05
4,0,1,0,0,0,0,0.1681699,-0.072649
4,0,1,0,0,0,0.1,0.1460029,-0.0878474
4,0,1,0,0,0.1,0,0.1458376,-0.0876888
4,0,1,0,0,0.1,0.1,0.1268273,-0.0948495
4,0,1,0,2500000.0,0,0,0.1410718,-0.0930344
4,0,1,0,2500000.0,0,0.1,0.1223388,-0.1000699
4,0,1,0,2500000.0,0.1,0,0.1226978,-0.0967519
4,0,1,0,2500000.0,0.1,0.1,0.1063443,-0.0999813
4,0,1,2500000.0,0,0,0,0.1408792,-0.0927412
4,0,1,2500000.0,0,0,0.1,0.12264,-0.0966072
4,0,1,2500000.0,0,0.1,0,0.1220729,-0.0997571
4,0,1,2500000.0,0,0.1,0.1,0.1062034,-0.0997907
4,0,1,2500000.0,2500000.0,0,0,0.1192985,-0.0936245
4,0,1,2500000.0,2500000.0,0,0.1,0.1034675,-0.0957827
4,0,1,2500000.0,2500000.0,0.1,0,0.1033932,-0.0957226
4,0,1,2500000.0,2500000.0,0.1,0.1,0.0895807,-0.0953256
4,0,2,0,0,0,0,0.7331464,0.0001347
4,0,2,0,0,0,0.1,0.6545139,0.0001157
4,0,2,0,0,0.1,0,0.6545097,0.0001255
4,0,2,0,0,0.1,0.1,0.5842439,0.0001077
4,0,2,0,2500000.0,0,0,0.6384709,1.45e-05
4,0,2,0,2500000.0,0,0.1,0.5693444,6.8e-06
4,0,2,0,2500000.0,0.1,0,0.5701881,1.71e-05
4,0,2,0,2500000.0,0.1,0.1,0.5083901,9.7e-06
4,0,2,2500000.0,0,0,0,0.6384577,5.1e-06
4,0,2,2500000.0,0,0,0.1,0.5701815,1.1e-06
4,0,2,2500000.0,0,0.1,0,0.5693239,6e-06
4,0,2,2500000.0,0,0.1,0.1,0.5083764,2.1e-06
4,0,2,2500000.0,2500000.0,0,0,0.5576685,-8.48e-05
4,0,2,2500000.0,2500000.0,0,0.1,0.4975281,-8.03e-05
4,0,2,2500000.0,2500000.0,0.1,0,0.4975195,-7.5e-05
4,0,2,2500000.0,2500000.0,0.1,0.1,0.4438053,-7.11e-05
4,0,3,0,0,0,0,0.847304,0.0001961
4,0,3,0,0,0,0.1,0.7596436,0.0001786
4,0,3,0,0,0.1,0,0.7596389,0.0001818
4,0,3,0,0,0.1,0.1,0.6810316,0.0001655
4,0,3,0,2500000.0,0,0,0.7420884,5.22e-05
4,0,3,0,2500000.0,0,0.1,0.6650289,4.85e-05
4,0,3,0,2500000.0,0.1,0,0.6653943,5.16e-05
4,0,3,0,2500000.0,0.1,0.1,0.5962833,4.78e-05
4,0,3,2500000.0,0,0,0,0.7421044,2.59e-05
4,0,3,2500000.0,0,0,0.1,0.6654136,2.58e-05
4,0,3,2500000.0,0,0.1,0,0.6650366,2.57e-05
4,0,3,2500000.0,0,0.1,0.1,0.5962946,2.54e-05
4,0,3,2500000.0,2500000.0,0,0,0.6507133,-8.04e-05
4,0,3,2500000.0,2500000.0,0,0.1,0.5832392,-7.03e-05
4,0,3,2500000.0,2500000.0,0.1,0,0.5832328,-7.04e-05
4,0,3,2500000.0,2500000.0,0.1,0.1,0.5227414,-6.14e-05
4,0,4,0,0,0,0,0.8889063,0.0002237
4,0,4,0,0,0,0.1,0.7979099,0.0002056
4,0,4,0,0,0.1,0,0.7979057,0.0002067
4,0,4,0,0,0.1,0.1,0.716217,0.0001899
4,0,4,0,2500000.0,0,0,0.7797883,7.12e-05
4,0,4,0,2500000.0,0,0.1,0.6997909,6.79e-05
4,0,4,0,2500000.0,0.1,0,0.699994,6.89e-05
4,0,4,0,2500000.0,0.1,0.1,0.6281751,6.54e-05
4,0,4,2500000.0,0,0,0,0.7798172,3.85e-05
4,0,4,2500000.0,0,0,0.1,0.7000244,3.89e-05
4,0,4,2500000.0,0,0.1,0,0.6998114,3.74e-05
4,0,4,2500000.0,0,0.1,0.1,0.6281975,3.75e-05
4,0,4,2500000.0,2500000.0,0,0,0.6845363,-7.39e-05
4,0,4,2500000.0,2500000.0,0,0.1,0.6143531,-6.25e-05
4,0,4,2500000.0,2500000.0,0.1,0,0.6143478,-6.42e-05
4,0,4,2500000.0,2500000.0,0.1,0.1,0.5513539,-5.42e-05
4,1,0,0,0,0,0,0.1716973,-0.0666689
4,1,0,0,0,0,0.1,0.1506323,-0.0860671
4,1,0,0,0,0.1,0,0.1494962,-0.0847516
4,1,0,0,0,0.1,0.1,0.1313223,-0.0938405
4,1,0,0,2500000.0,0,0,0.1453077,-0.0739015
4,1,0,0,2500000.0,0,0.1,0.12798,-0.0866153
4,1,0,0,2500000.0,0.1,0,0.1268874,-0.0855425
4,1,0,0,2500000.0,0.1,0.1,0.1115686,-0.0913067
4,1,0,2500000.0,0,0,0,0.145303,-0.0723469
4,1,0,2500000.0,0,0,0.1,0.1278719,-0.085499
4,1,0,2500000.0,0,0.1,0,0.1269133,-0.0844803
4,1,0,2500000.0,0,0.1,0.1,0.1115157,-0.0904598
4,1,0,2500000.0,2500000.0,0,0,0.1231235,-0.0747714
4,1,0,2500000.0,2500000.0,0,0.1,0.1085891,-0.0837096
4,1,0,2500000.0,2500000.0,0.1,0,0.107653,-0.0828593
4,1,0,2500000.0,2500000.0,0.1,0.1,0.0946458,-0.0865864
4,1,1,0,0,0,0,0.2294634,-0.0041162
4,1,1,0,0,0,0.1,0.1980968,-0.003977
4,1,1,0,0,0.1,0,0.1983873,-0.0037703
4,1,1,0,0,0.1,0.1,0.1712339,-0.0036217
4,1,1,0,2500000.0,0,0,0.1970645,-0.0036755
4,1,1,0,2500000.0,0,0.1,0.1694836,-0.0035583
4,1,1,0,2500000.0,0.1,0,0.1707801,-0.003356
4,1,1,0,2500000.0,0.1,0.1,0.1468661,-0.0032288
4,1,1,2500000.0,0,0,0,0.1972423,-0.0035718
4,1,1,2500000.0,0,0,0.1,0.1706857,-0.0034211
4,1,1,2500000.0,0,0.1,0,0.1699254,-0.003283
4,1,1,2500000.0,0,0.1,0.1,0.1470321,-0.0031251
4,1,1,2500000.0,2500000.0,0,0,0.1723124,-0.0031792
4,1,1,2500000.0,2500000.0,0,0.1,0.1486872,-0.0030502
4,1,1,2500000.0,2500000.0,0.1,0,0.1489272,-0.0029138
4,1,1,2500000.0,2500000.0,0.1,0.1,0.1285078,-0.0027775
4,1,2,0,0,0,0,0.2488206,-0.0073818
4,1,2,0,0,0,0.1,0.2085869,-0.0077386
4,1,2,0,0,0.1,0,0.2091406,-0.0073658
4,1,2,0,0,0.1,0.1,0.174464,-0.0076474
4,1,2,0,2500000.0,0,0,0.2113636,-0.006377
4,1,2,0,2500000.0,0,0.1,0.1763695,-0.0066823
4,1,2,0,2500000.0,0.1,0,0.1774705,-0.0063247
4,1,2,0,2500000.0,0.1,0.1,0.1474837,-0.0065226
4,1,2,2500000.0,0,0,0,0.2119897,-0.0063397
4,1,2,2500000.0,0,0,0.1,0.1775461,-0.0065943
4,1,2,2500000.0,0,0.1,0,0.1774982,-0.0063005
4,1,2,2500000.0,0,0.1,0.1,0.1480477,-0.0064504
4,1,2,2500000.0,2500000.0,0,0,0.1823396,-0.0054013
4,1,2,2500000.0,2500000.0,0,0.1,0.1523389,-0.0056049
4,1,2,2500000.0,2500000.0,0.1,0,0.1528285,-0.005326
4,1,2,2500000.0,2500000.0,0.1,0.1,0.1273032,-0.0054148
4,1,3,0,0,0,0,0.22461,-0.0103737
4,1,3,0,0,0,0.1,0.1757809,-0.0138907
4,1,3,0,0,0.1,0,0.1770752,-0.0128539
4,1,3,0,0,0.1,0.1,0.1321902,-0.0176921
4,1,3,0,2500000.0,0,0,0.1848645,-0.0096897
4,1,3,0,2500000.0,0,0.1,0.141476,-0.0131173
4,1,3,0,2500000.0,0.1,0,0.1432145,-0.0120488
4,1,3,0,2500000.0,0.1,0.1,0.1047701,-0.0140095
4,1,3,2500000.0,0,0,0,0.1862465,-0.0095034
4,1,3,2500000.0,0,0,0.1,0.143399,-0.01274
4,1,3,2500000.0,0,0.1,0,0.1443468,-0.011768
4,1,3,2500000.0,0,0.1,0.1,0.1062344,-0.01388
4,1,3,2500000.0,2500000.0,0,0,0.1549574,-0.0086034
4,1,3,2500000.0,2500000.0,0,0.1,0.1177997,-0.0110649
4,1,3,2500000.0,2500000.0,0.1,0,0.1190923,-0.0101963
4,1,3,2500000.0,2500000.0,0.1,0.1,0.0886606,-0.0099509
4,1,4,0,0,0,0,0.2012902,-0.0158614
4,1,4,0,0,0,0.1,0.144628,-0.0409292
4,1,4,0,0,0.1,0,0.1444225,-0.0373785
4,1,4,0,0,0.1,0.1,0.12007,-0.0651684
4,1,4,0,2500000.0,0,0,0.1563346,-0.0193881
4,1,4,0,2500000.0,0,0.1,0.1153533,-0.0528834
4,1,4,0,2500000.0,0.1,0,0.1139896,-0.0503131
4,1,4,0,2500000.0,0.1,0.1,0.0999395,-0.0684035
4,1,4,2500000.0,0,0,0,0.1588966,-0.0181376
4,1,4,2500000.0,0,0,0.1,0.1156307,-0.050323
4,1,4,2500000.0,0,0.1,0,0.1139619,-0.04809
4,1,4,2500000.0,0,0.1,0.1,0.0998737,-0.067104
4,1,4,2500000.0,2500000.0,0,0,0.1228695,-0.0207831
4,1,4,2500000.0,2500000.0,0,0.1,0.0951846,-0.0561459
4,1,4,2500000.0,2500000.0,0.1,0,0.093724,-0.0546831
4,1,4,2500000.0,2500000.0,0.1,0.1,0.0834112,-0.0668279
4,2,0,0,0,0,0,0.7360844,0.0017855
4,2,0,0,0,0,0.1,0.6572313,0.0016522
4,2,0,0,0,0.1,0,0.6572708,0.0016584
4,2,0,0,0,0.1,0.1,0.5867983,0.0015346
4,2,0,0,2500000.0,0,0,0.6434769,0.001564
4,2,0,0,2500000.0,0,0.1,0.5743207,0.0014553
4,2,0,0,2500000.0,0.1,0,0.5743581,0.0014569
4,2,0,0,2500000.0,0.1,0.1,0.5125694,0.0013554
4,2,0,2500000.0,0,0,0,0.6436357,0.0015959
4,2,0,2500000.0,0,0,0.1,0.5744627,0.0014826
4,2,0,2500000.0,0,0.1,0,0.5745119,0.0014912
4,2,0,2500000.0,0,0.1,0.1,0.5127071,0.0013851
4,2,0,2500000.0,2500000.0,0,0,0.5626265,0.0014005
4,2,0,2500000.0,2500000.0,0,0.1,0.5019522,0.0013085
4,2,0,2500000.0,2500000.0,0.1,0,0.5019984,0.0013127
4,2,0,2500000.0,2500000.0,0.1,0.1,0.4478029,0.0012259
4,2,1,0,0,0,0,0.2411844,-0.003372
4,2,1,0,0,0,0.1,0.2015819,-0.0034631
4,2,1,0,0,0.1,0,0.2017421,-0.0033473
4,2,1,0,0,0.1,0.1,0.1676526,-0.0033957
4,2,1,0,2500000.0,0,0,0.1939076,-0.0032782
4,2,1,0,2500000.0,0,0.1,0.1588589,-0.0034062
4,2,1,0,2500000.0,0.1,0,0.1621555,-0.0032034
4,2,1,0,2500000.0,0.1,0.1,0.1321289,-0.0032463
4,2,1,2500000.0,0,0,0,0.1942044,-0.0030935
4,2,1,2500000.0,0,0,0.1,0.1623181,-0.0030961
4,2,1,2500000.0,0,0.1,0,0.1593868,-0.0030717
4,2,1,2500000.0,0,0.1,0.1,0.132515,-0.0029927
4,2,1,2500000.0,2500000.0,0,0,0.1618227,-0.0028502
4,2,1,2500000.0,2500000.0,0,0.1,0.1334567,-0.0028616
4,2,1,2500000.0,2500000.0,0.1,0,0.1336199,-0.0027737
4,2,1,2500000.0,2500000.0,0.1,0.1,0.1097437,-0.0026898
4,2,2,0,0,0,0,0.5796751,-0.0001992
4,2,2,0,0,0,0.1,0.5132719,-0.0002143
4,2,2,0,0,0.1,0,0.5132901,-0.0002088
4,2,2,0,0,0.1,0.1,0.4543005,-0.0002213
4,2,2,0,2500000.0,0,0,0.5017413,-0.0001669
4,2,2,0,2500000.0,0,0.1,0.4433928,-0.0001791
4,2,2,0,2500000.0,0.1,0,0.4442704,-0.0001731
4,2,2,0,2500000.0,0.1,0.1,0.3924173,-0.0001835
4,2,2,2500000.0,0,0,0,0.5018274,-0.0001605
4,2,2,2500000.0,0,0,0.1,0.4443323,-0.0001676
4,2,2,2500000.0,0,0.1,0,0.4434929,-0.0001717
4,2,2,2500000.0,0,0.1,0.1,0.3924935,-0.0001772
4,2,2,2500000.0,2500000.0,0,0,0.4359972,-0.0001287
4,2,2,2500000.0,2500000.0,0,0.1,0.3853639,-0.0001334
4,2,2,2500000.0,2500000.0,0.1,0,0.3853838,-0.0001367
4,2,2,2500000.0,2500000.0,0.1,0.1,0.3404482,-0.0001405
4,2,3,0,0,0,0,0.6635947,0.0005486
4,2,3,0,0,0,0.1,0.5905411,0.0004967
4,2,3,0,0,0.1,0,0.5905718,0.0004995
4,2,3,0,0,0.1,0.1,0.5254518,0.0004522
4,2,3,0,2500000.0,0,0,0.5778206,0.000496
4,2,3,0,2500000.0,0,0.1,0.5137099,0.0004548
4,2,3,0,2500000.0,0.1,0,0.5141254,0.0004552
4,2,3,0,2500000.0,0.1,0.1,0.4569788,0.0004172
4,2,3,2500000.0,0,0,0,0.5779551,0.0005093
4,2,3,2500000.0,0,0,0.1,0.5142184,0.0004682
4,2,3,2500000.0,0,0.1,0,0.5138688,0.0004677
4,2,3,2500000.0,0,0.1,0.1,0.4570967,0.0004298
4,2,3,2500000.0,2500000.0,0,0,0.5039756,0.0004645
4,2,3,2500000.0,2500000.0,0,0.1,0.4479831,0.0004324
4,2,3,2500000.0,2500000.0,0.1,0,0.4480178,0.0004296
4,2,3,2500000.0,2500000.0,0.1,0.1,0.398143,0.0003997
4,2,4,0,0,0,0,0.6945736,0.0008862
4,2,4,0,0,0,0.1,0.6190426,0.0008137
4,2,4,0,0,0.1,0,0.6190781,0.0008167
4,2,4,0,0,0.1,0.1,0.5516726,0.00075
4,2,4,0,2500000.0,0,0,0.6058792,0.0007907
4,2,4,0,2500000.0,0,0.1,0.5396149,0.0007324
4,2,4,0,2500000.0,0.1,0,0.5398684,0.0007321
4,2,4,0,2500000.0,0.1,0.1,0.4807413,0.0006781
4,2,4,2500000.0,0,0,0,0.6060304,0.0008087
4,2,4,2500000.0,0,0,0.1,0.5399717,0.000749
4,2,4,2500000.0,0,0.1,0,0.5397945,0.0007505
4,2,4,2500000.0,0,0.1,0.1,0.4808735,0.000695
4,2,4,2500000.0,2500000.0,0,0,0.5290407,0.0007257
4,2,4,2500000.0,2500000.0,0,0.1,0.4710497,0.0006782
4,2,4,2500000.0,2500000.0,0.1,0,0.4710898,0.0006767
4,2,4,2500000.0,2500000.0,0.1,0.1,0.4193715,0.0006321
4,3,0,0,0,0,0,0.8481015,0.0012578
4,3,0,0,0,0,0.1,0.7603815,0.0011636
4,3,0,0,0,0.1,0,0.760389,0.0011638
4,3,0,0,0,0.1,0.1,0.6817254,0.0010762
4,3,0,0,2500000.0,0,0,0.743802,0.0010336
4,3,0,0,2500000.0,0,0.1,0.6667648,0.000962
4,3,0,0,2500000.0,0.1,0,0.6667697,0.0009597
4,3,0,0,2500000.0,0.1,0.1,0.5976957,0.0008926
4,3,0,2500000.0,0,0,0,0.7438926,0.001029
4,3,0,2500000.0,0,0,0.1,0.6668438,0.0009563
4,3,0,2500000.0,0,0.1,0,0.6668567,0.0009575
4,3,0,2500000.0,0,0.1,0.1,0.5977718,0.0008892
4,3,0,2500000.0,2500000.0,0,0,0.652417,0.0008423
4,3,0,2500000.0,2500000.0,0,0.1,0.584746,0.0007882
4,3,0,2500000.0,2500000.0,0.1,0,0.5847561,0.0007869
4,3,0,2500000.0,2500000.0,0.1,0.1,0.5240885,0.0007356
4,3,1,0,0,0,0,0.2165862,-0.0044043
4,3,1,0,0,0,0.1,0.1685925,-0.0055741
4,3,1,0,0,0.1,0,0.1689524,-0.0053037
4,3,1,0,0,0.1,0.1,0.1251789,-0.0062473
4,3,1,0,2500000.0,0,0,0.1548014,-0.0058853
4,3,1,0,2500000.0,0,0.1,0.1067354,-0.0062253
4,3,1,0,2500000.0,0.1,0,0.1144784,-0.0061309
4,3,1,0,2500000.0,0.1,0.1,0.0820794,-0.0026841
4,3,1,2500000.0,0,0,0,0.1556674,-0.0053188
4,3,1,2500000.0,0,0,0.1,0.1152267,-0.0056802
4,3,1,2500000.0,0,0.1,0,0.1089075,-0.0050491
4,3,1,2500000.0,0,0.1,0.1,0.0833357,-0.0022007
4,3,1,2500000.0,2500000.0,0,0,0.1158329,-0.0055534
4,3,1,2500000.0,2500000.0,0,0.1,0.0832006,-0.0031444
4,3,1,2500000.0,2500000.0,0.1,0,0.0837339,-0.0029424
4,3,1,2500000.0,2500000.0,0.1,0.1,0.0664671,-0.0008508
4,3,2,0,0,0,0,0.6616435,9.96e-05
4,3,2,0,0,0,0.1,0.5887349,7.83e-05
4,3,2,0,0,0.1,0,0.5887349,8.35e-05
4,3,2,0,0,0.1,0.1,0.5237515,6.44e-05
4,3,2,0,2500000.0,0,0,0.574709,3.74e-05
4,3,2,0,2500000.0,0,0.1,0.5106364,2.35e-05
4,3,2,0,2500000.0,0.1,0,0.5114924,2.98e-05
4,3,2,0,2500000.0,0.1,0.1,0.4543619,1.71e-05
4,3,2,2500000.0,0,0,0,0.5747343,3.74e-05
4,3,2,2500000.0,0,0,0.1,0.511516,2.74e-05
4,3,2,2500000.0,0,0.1,0,0.5106582,2.65e-05
4,3,2,2500000.0,0,0.1,0.1,0.4543824,1.76e-05
4,3,2,2500000.0,2500000.0,0,0,0.5008635,-8.8e-06
4,3,2,2500000.0,2500000.0,0,0.1,0.4451912,-1.31e-05
4,3,2,2500000.0,2500000.0,0.1,0,0.4451898,-1.3e-05
4,3,2,2500000.0,2500000.0,0.1,0.1,0.3956055,-1.69e-05
4,3,3,0,0,0,0,0.7620809,0.0005301
4,3,3,0,0,0,0.1,0.6812434,0.0004867
4,3,3,0,0,0.1,0,0.6812477,0.0004875
4,3,3,0,0,0.1,0.1,0.6089425,0.0004475
4,3,3,0,2500000.0,0,0,0.665854,0.0004105
4,3,3,0,2500000.0,0,0.1,0.594852,0.0003799
4,3,3,0,2500000.0,0.1,0,0.5952352,0.0003801
4,3,3,0,2500000.0,0.1,0.1,0.531723,0.0003516
4,3,3,2500000.0,0,0,0,0.6659156,0.0004046
4,3,3,2500000.0,0,0,0.1,0.5952868,0.0003756
4,3,3,2500000.0,0,0.1,0,0.5949132,0.0003739
4,3,3,2500000.0,0,0.1,0.1,0.5317746,0.0003469
4,3,3,2500000.0,2500000.0,0,0,0.5825758,0.0003096
4,3,3,2500000.0,2500000.0,0,0.1,0.5204829,0.0002907
4,3,3,2500000.0,2500000.0,0.1,0,0.5204882,0.0002884
4,3,3,2500000.0,2500000.0,0.1,0.1,0.4649744,0.0002705
4,3,4,0,0,0,0,0.7989168,0.0007223
4,3,4,0,0,0,0.1,0.715135,0.0006666
4,3,4,0,0,0.1,0,0.7151412,0.0006666
4,3,4,0,0,0.1,0.1,0.6401165,0.000615
4,3,4,0,2500000.0,0,0,0.6992349,0.0005757
4,3,4,0,2500000.0,0,0.1,0.6256523,0.0005353
4,3,4,0,2500000.0,0.1,0,0.6258728,0.000534
4,3,4,0,2500000.0,0.1,0.1,0.5599832,0.0004962
4,3,4,2500000.0,0,0,0,0.6993109,0.0005687
4,3,4,2500000.0,0,0,0.1,0.6259354,0.0005291
4,3,4,2500000.0,0,0.1,0,0.6257291,0.0005276
4,3,4,2500000.0,0,0.1,0.1,0.5600471,0.0004906
4,3,4,2500000.0,2500000.0,0,0,0.6124821,0.0004505
4,3,4,2500000.0,2500000.0,0,0.1,0.5480039,0.0004231
4,3,4,2500000.0,2500000.0,0.1,0,0.5480117,0.0004205
4,3,4,2500000.0,2500000.0,0.1,0.1,0.4902947,0.0003945
4,4,0,0,0,0,0,0.8890194,0.0009874
4,4,0,0,0,0,0.1,0.7980136,0.0009132
4,4,0,0,0,0.1,0,0.7980145,0.0009127
4,4,0,0,0,0.1,0.1,0.7163167,0.0008437
4,4,0,0,2500000.0,0,0,0.7804379,0.0007733
4,4,0,0,2500000.0,0,0.1,0.7004759,0.0007204
4,4,0,0,2500000.0,0.1,0,0.700474,0.0007179
4,4,0,0,2500000.0,0.1,0.1,0.6286975,0.0006683
4,4,0,2500000.0,0,0,0,0.7805078,0.0007539
4,4,0,2500000.0,0,0,0.1,0.7005361,0.0007014
4,4,0,2500000.0,0,0.1,0,0.700541,0.0007011
4,4,0,2500000.0,0,0.1,0.1,0.6287554,0.0006518
4,4,0,2500000.0,2500000.0,0,0,0.6851995,0.0005805
4,4,0,2500000.0,2500000.0,0,0.1,0.6149276,0.0005452
4,4,0,2500000.0,2500000.0,0.1,0,0.6149296,0.000543
4,4,0,2500000.0,2500000.0,0.1,0.1,0.5518573,0.0005092
4,4,1,0,0,0,0,0.1916499,-0.0072837
4,4,1,0,0,0,0.1,0.1197867,-0.0396
4,4,1,0,0,0.1,0,0.1181566,-0.0391216
4,4,1,0,0,0.1,0.1,0.107882,-0.0674995
4,4,1,0,2500000.0,0,0,0.1202818,-0.0552543
4,4,1,0,2500000.0,0,0.1,0.1058911,-0.0756152
4,4,1,0,2500000.0,0.1,0,0.1055077,-0.070912
4,4,1,0,2500000.0,0.1,0.1,0.0921259,-0.0809258
4,4,1,2500000.0,0,0,0,0.1190501,-0.0548226
4,4,1,2500000.0,0,0,0.1,0.1052089,-0.0708507
4,4,1,2500000.0,0,0.1,0,0.1050449,-0.0754302
4,4,1,2500000.0,0,0.1,0.1,0.0917446,-0.0808648
4,4,1,2500000.0,2500000.0,0,0,0.1023744,-0.0666656
4,4,1,2500000.0,2500000.0,0,0.1,0.0892937,-0.0757332
4,4,1,2500000.0,2500000.0,0.1,0,0.0890974,-0.0757066
4,4,1,2500000.0,2500000.0,0.1,0.1,0.0773274,-0.0794217
4,4,2,0,0,0,0,0.6920112,0.0001487
4,4,2,0,0,0,0.1,0.616672,0.0001262
4,4,2,0,0,0.1,0,0.6166691,0.000133
4,4,2,0,0,0.1,0.1,0.5494443,0.0001125
4,4,2,0,2500000.0,0,0,0.601766,5.87e-05
4,4,2,0,2500000.0,0,0.1,0.5355494,4.51e-05
4,4,2,0,2500000.0,0.1,0,0.5364007,5.31e-05
4,4,2,0,2500000.0,0.1,0.1,0.4772917,4.05e-05
4,4,2,2500000.0,0,0,0,0.6017731,5.57e-05
4,4,2,2500000.0,0,0,0.1,0.5364107,4.6e-05
4,4,2,2500000.0,0,0.1,0,0.5355505,4.73e-05
4,4,2,2500000.0,0,0.1,0.1,0.477296,3.85e-05
4,4,2,2500000.0,2500000.0,0,0,0.524946,-1.26e-05
4,4,2,2500000.0,2500000.0,0,0.1,0.4673815,-1.55e-05
4,4,2,2500000.0,2500000.0,0.1,0,0.467376,-1.31e-05
4,4,2,2500000.0,2500000.0,0.1,0.1,0.4160442,-1.59e-05
4,4,3,0,0,0,0,0.798305,0.0004532
4,4,3,0,0,0,0.1,0.7145684,0.0004162
4,4,3,0,0,0.1,0,0.7145673,0.0004178
4,4,3,0,0,0.1,0.1,0.6395856,0.0003835
4,4,3,0,2500000.0,0,0,0.6982364,0.000318
4,4,3,0,2500000.0,0,0.1,0.6246626,0.0002944
4,4,3,0,2500000.0,0.1,0,0.6250381,0.0002957
4,4,3,0,2500000.0,0.1,0.1,0.5591499,0.0002735
4,4,3,2500000.0,0,0,0,0.6982762,0.0003041
4,4,3,2500000.0,0,0,0.1,0.6250752,0.0002829
4,4,3,2500000.0,0,0.1,0,0.6246972,0.0002818
4,4,3,2500000.0,0,0.1,0.1,0.5591822,0.0002618
4,4,3,2500000.0,2500000.0,0,0,0.6114977,0.0001989
4,4,3,2500000.0,2500000.0,0,0.1,0.5471234,0.000188
4,4,3,2500000.0,2500000.0,0.1,0,0.5471222,0.0001867
4,4,3,2500000.0,2500000.0,0.1,0.1,0.4894991,0.000176
4,4,4,0,0,0,0,0.8372034,0.0005893
4,4,4,0,0,0,0.1,0.7503538,0.0005439
4,4,4,0,0,0.1,0,0.7503539,0.0005441
4,4,4,0,0,0.1,0.1,0.6724966,0.0005019
4,4,4,0,2500000.0,0,0,0.733487,0.0004336
4,4,4,0,2500000.0,0,0.1,0.6571787,0.0004035
4,4,4,0,2500000.0,0.1,0,0.6573914,0.000403
4,4,4,0,2500000.0,0.1,0.1,0.5889833,0.0003747
4,4,4,2500000.0,0,0,0,0.7335404,0.0004164
4,4,4,2500000.0,0,0,0.1,0.6574396,0.0003882
4,4,4,2500000.0,0,0.1,0,0.6572275,0.0003867
4,4,4,2500000.0,0,0.1,0.1,0.5890272,0.0003602
4,4,4,2500000.0,2500000.0,0,0,0.6430998,0.000294
4,4,4,2500000.0,2500000.0,0,0.1,0.5762007,0.0002778
4,4,4,2500000.0,2500000.0,0.1,0,0.5762013,0.0002757
4,4,4,2500000.0,2500000.0,0.1,0.1,0.5162458,0.00026
