J,g0,g1,Re(p),Im(p),Re(a),Im(a),Count
0.5,0.5,0.3333333333333333,0.7381912374505832,0.0,-6.263155685088687e-05,7.370557958715089e-19,5
0.5,0.5,0.3333333333333333,-0.1730028083784671,0.094903244907771,-0.00019668553277266671,-0.0016182424890446435,5
0.5,0.5,0.3333333333333333,-0.1730028083784671,-0.094903244907771,-0.0001966855327726537,0.001618242489044642,5
0.5,0.5,0.3333333333333333,0.06696355283255107,0.0,0.08190077054428035,-1.1367377575606861e-17,5
0.3333333333333333,0.5,0.3333333333333333,0.4996292127317422,0.0,-0.0013296416758610003,2.8201802238603107e-18,5
0.3333333333333333,0.5,0.3333333333333333,0.3210895932481882,0.0,0.004409649075327019,-5.902692933331834e-18,5
0.3333333333333333,0.5,0.3333333333333333,-0.3614659270083299,0.7732065206259311,1.6059970236172542e-05,-8.107802983193881e-05,5
0.3333333333333333,0.5,0.3333333333333333,-0.3614659270083299,-0.7732065206259311,1.6059970236172084e-05,8.107802983193872e-05,5
0.25,0.5,0.3333333333333333,-0.4882800152211777,0.6176228371749316,-0.00016744155189779114,-1.5365004814268924e-05,5
0.25,0.5,0.3333333333333333,-0.4882800152211777,-0.6176228371749316,-0.00016744155189779108,1.5365004814268802e-05,5
0.25,0.5,0.3333333333333333,0.2880539707759541,0.894239403460294,-4.135872826601999e-05,1.654688786835362e-05,5
0.25,0.5,0.3333333333333333,0.2880539707759541,-0.894239403460294,-4.135872826602001e-05,-1.6546887868353576e-05,5
0.2,0.5,0.3333333333333333,0.045831654734079186,0.8707893007070915,-7.41045038749561e-05,1.1237611717381808e-06,5
0.2,0.5,0.3333333333333333,0.045831654734079186,-0.8707893007070915,-7.410450387495609e-05,-1.1237611717381672e-06,5
0.2,0.5,0.3333333333333333,-0.8077269329873289,0.36452888007518935,2.776875427444417e-05,-2.4376400651811456e-05,5
0.2,0.5,0.3333333333333333,-0.8077269329873289,-0.36452888007518935,2.776875427444418e-05,2.4376400651811412e-05,5
0.14285714285714285,0.5,0.3333333333333333,0.8037858426265252,0.0,0.000165040361338828,-1.0724356845995586e-21,5
0.14285714285714285,0.5,0.3333333333333333,0.07586813021995194,0.390823904458716,0.00043442230060030583,0.00016523133783330414,5
0.14285714285714285,0.5,0.3333333333333333,0.07586813021995194,-0.390823904458716,0.00043442230060030583,-0.00016523133783330428,5
0.14285714285714285,0.5,0.3333333333333333,-0.4940007107800626,0.0,8.65339934018169e-05,5.34232963459587e-21,5
0.1,0.5,0.3333333333333333,-0.9133566032147475,0.2245519519926553,3.149616691004519e-05,-5.39691444421367e-06,5
0.1,0.5,0.3333333333333333,-0.9133566032147475,-0.2245519519926553,3.149616691004518e-05,5.396914444213691e-06,5
0.1,0.5,0.3333333333333333,0.5341552783807593,0.6316868463905404,5.372165372355031e-05,3.915987710451112e-06,5
0.1,0.5,0.3333333333333333,0.5341552783807593,-0.6316868463905404,5.372165372355034e-05,-3.915987710451074e-06,5
0.5,0.5,0.25,-0.20471476349110965,0.788438253541261,-6.612605533663325e-05,3.458293014019446e-05,5
0.5,0.5,0.25,-0.20471476349110965,-0.788438253541261,-6.612605533663588e-05,-3.458293014019598e-05,5
0.5,0.5,0.25,0.09953772641207397,0.0,0.06391831129488233,3.174018630328243e-17,5
0.5,0.5,0.25,0.9466945676016285,0.0,1.2446618907467387e-05,-5.58754669443664e-18,5
0.3333333333333333,0.5,0.25,0.09575176072030372,0.0,0.010907742450508514,6.485419834482183e-18,5
0.3333333333333333,0.5,0.25,-0.15755768904431391,0.0,-0.0007119908847659894,4.3761147641740365e-18,5
0.3333333333333333,0.5,0.25,-0.34501591357580363,0.8505906324178351,1.758244218172524e-05,-2.648314474727846e-05,5
0.3333333333333333,0.5,0.25,-0.34501591357580363,-0.8505906324178351,1.7582442181725543e-05,2.648314474727809e-05,5
0.25,0.5,0.25,-0.7208380585027923,0.5348628248237279,-5.925896529959267e-05,-1.996696471548294e-05,5
0.25,0.5,0.25,-0.7208380585027923,-0.5348628248237279,-5.925896529959263e-05,1.9966964715482898e-05,5
0.25,0.5,0.25,-0.15152364062588367,0.9612693587616954,1.4637819339431304e-05,2.4875830830798374e-06,5
0.25,0.5,0.25,-0.15152364062588367,-0.9612693587616954,1.4637819339431284e-05,-2.4875830830798285e-06,5
0.2,0.5,0.25,0.6733347443594953,0.6781848952866024,4.0062382785562386e-05,-1.794393748381991e-06,5
0.2,0.5,0.25,0.6733347443594953,-0.6781848952866024,4.006238278556242e-05,1.7943937483819906e-06,5
0.2,0.5,0.25,-1.0162274686091122,0.0,1.9787674111063864e-05,-5.294412117537263e-21,5
0.2,0.5,0.25,-0.6577165212002021,0.0,4.88269914484945e-05,1.5875556297225004e-20,5
0.14285714285714285,0.5,0.25,-0.5097043095700007,0.79515164051029,2.4819510291098352e-05,3.9760727600449406e-05,5
0.14285714285714285,0.5,0.25,-0.5097043095700007,-0.79515164051029,2.4819510291098386e-05,-3.9760727600449365e-05,5
0.14285714285714285,0.5,0.25,0.09565878013229076,0.7496186579818075,5.762849710601789e-05,-3.817984931545275e-05,5
0.14285714285714285,0.5,0.25,0.09565878013229076,-0.7496186579818075,5.7628497106017806e-05,3.8179849315452685e-05,5
0.1,0.5,0.25,-0.6718160425954554,0.6661712193736635,-1.785979422919681e-06,-1.2546579064754233e-05,5
0.1,0.5,0.25,-0.6718160425954554,-0.6661712193736635,-1.7859794229196953e-06,1.2546579064754278e-05,5
0.1,0.5,0.25,-0.3156490026255222,0.5053513146211632,-3.0497948202663132e-05,-1.174006369963247e-05,5
0.1,0.5,0.25,-0.3156490026255222,-0.5053513146211632,-3.0497948202663125e-05,1.174006369963252e-05,5
0.5,0.5,0.2,0.15274168496595342,0.11822256402927005,0.0211304264802358,-0.005231175607460431,5
0.5,0.5,0.2,0.15274168496595342,-0.11822256402927005,0.02113042648023573,0.005231175607460338,5
0.5,0.5,0.2,-0.8556982262297124,0.4218808688132355,-8.238064567404356e-06,-4.765638897757187e-05,5
0.5,0.5,0.2,-0.8556982262297124,-0.4218808688132355,-8.238064567409573e-06,4.765638897757676e-05,5
0.3333333333333333,0.5,0.2,-0.2547020391010785,0.0,-0.0036449187370534296,7.06498665957055e-18,5
0.3333333333333333,0.5,0.2,0.1648954650340858,0.0,0.005950756616784322,1.0900755728792597e-17,5
0.3333333333333333,0.5,0.2,0.14030573462708673,0.9432277289487269,-9.330540309212712e-06,-3.422054548505354e-05,5
0.3333333333333333,0.5,0.2,0.14030573462708673,-0.9432277289487269,-9.330540309213061e-06,3.42205454850533e-05,5
0.25,0.5,0.2,-0.541051208066081,0.23909991030293262,-0.00026627302478370176,0.0001321696167382973,5
0.25,0.5,0.2,-0.541051208066081,-0.23909991030293262,-0.00026627302478370154,-0.00013216961673829763,5
0.25,0.5,0.2,0.656638040099546,0.5807057335878822,-4.101286263313999e-05,-1.1646166725608678e-05,5
0.25,0.5,0.2,0.656638040099546,-0.5807057335878822,-4.101286263313989e-05,1.1646166725608625e-05,5
0.2,0.5,0.2,0.8057357744566225,0.42607812203306095,-3.231873082154516e-05,-2.2681610175611137e-05,5
0.2,0.5,0.2,0.8057357744566225,-0.42607812203306095,-3.231873082154516e-05,2.268161017561111e-05,5
0.2,0.5,0.2,-0.712026698489548,0.14566680701430323,-6.679258846453155e-05,0.00011299734135560537,5
0.2,0.5,0.2,-0.712026698489548,-0.14566680701430323,-6.679258846453149e-05,-0.00011299734135560538,5
0.14285714285714285,0.5,0.2,0.5467379392083596,0.8177894166864761,9.62304585959898e-06,-2.5607100853181896e-05,5
0.14285714285714285,0.5,0.2,0.5467379392083596,-0.8177894166864761,9.623045859598975e-06,2.5607100853181865e-05,5
0.14285714285714285,0.5,0.2,0.3215264526753953,0.0,6.463159562429123e-05,1.0033353231158321e-19,5
0.1,0.5,0.2,-0.8721988674022028,0.4989913033494281,-1.6975798677956913e-05,5.8423894593816105e-06,5
0.1,0.5,0.2,-0.8721988674022028,-0.4989913033494281,-1.6975798677956923e-05,-5.8423894593815995e-06,5
0.1,0.5,0.2,0.7683513716448216,0.603748392235144,1.416845140446085e-05,-1.2361439339452731e-05,5
0.1,0.5,0.2,0.7683513716448216,-0.603748392235144,1.4168451404460849e-05,1.2361439339452721e-05,5
0.5,0.5,0.14285714285714285,-0.5465629122950517,0.0,0.0008041776161776604,-4.498327984268491e-19,5
0.5,0.5,0.14285714285714285,0.050071332687741936,0.0,0.2019474927919106,1.3618292861431966e-16,5
0.5,0.5,0.14285714285714285,0.737787760823319,0.4274144681738042,-2.4243590005596305e-05,-4.11175144680787e-05,5
0.5,0.5,0.14285714285714285,0.737787760823319,-0.4274144681738042,-2.42435900055737e-05,4.1117514468067166e-05,5
0.3333333333333333,0.5,0.14285714285714285,0.6794541659254144,0.0,-0.0005151133064225259,5.339966030819068e-19,5
0.3333333333333333,0.5,0.14285714285714285,0.11033254833011977,0.0,0.036781143309721674,2.289996039763369e-17,5
0.3333333333333333,0.5,0.14285714285714285,0.18252029022964505,0.5790772872224729,-8.603101849601568e-05,0.0005003386895977409,5
0.3333333333333333,0.5,0.14285714285714285,0.18252029022964505,-0.5790772872224729,-8.60310184960096e-05,-0.0005003386895977393,5
0.25,0.5,0.14285714285714285,1.0073310528137942,0.0,1.3277925583415857e-05,7.611620200586682e-21,5
0.25,0.5,0.14285714285714285,0.25994693483776316,0.0,0.0021924840902160887,-1.1777899136649387e-18,5
0.25,0.5,0.14285714285714285,-0.27746612044791913,0.8793122271292384,5.1197497706722737e-05,-5.09357269500845e-06,5
0.25,0.5,0.14285714285714285,-0.27746612044791913,-0.8793122271292384,5.1197497706722215e-05,5.093572695008528e-06,5
0.2,0.5,0.14285714285714285,0.6991843289981556,0.7292715547414863,-6.4513043773445405e-06,2.3088014667828804e-05,5
0.2,0.5,0.14285714285714285,0.6991843289981556,-0.7292715547414863,-6.451304377344535e-06,-2.308801466782879e-05,5
0.2,0.5,0.14285714285714285,-0.5101923578724832,0.8321483921871113,-2.2242920519145905e-07,-2.0238234798113083e-05,5
0.2,0.5,0.14285714285714285,-0.5101923578724832,-0.8321483921871113,-2.2242920519146625e-07,2.0238234798113093e-05,5
0.14285714285714285,0.5,0.14285714285714285,-0.42123267187346514,0.8720329568456096,1.1674042287083939e-05,-2.7757533546989395e-05,5
0.14285714285714285,0.5,0.14285714285714285,-0.42123267187346514,-0.8720329568456096,1.1674042287083937e-05,2.775753354698937e-05,5
0.14285714285714285,0.5,0.14285714285714285,-0.9625709705463941,0.0,3.797494644056885e-05,-3.813095575600573e-21,5
0.14285714285714285,0.5,0.14285714285714285,-0.7827796533795336,0.0,-5.3689591748194614e-05,-5.855322634888871e-20,5
0.1,0.5,0.14285714285714285,-0.8650870761291863,0.4447459198721616,2.1581671663138792e-05,1.0610247265980269e-05,5
0.1,0.5,0.14285714285714285,-0.8650870761291863,-0.4447459198721616,2.15816716631388e-05,-1.0610247265980323e-05,5
0.1,0.5,0.14285714285714285,-0.4087416348192654,0.6370902305353049,0.00014484551129487832,-6.498214047222301e-05,5
0.1,0.5,0.14285714285714285,-0.4087416348192654,-0.6370902305353049,0.0001448455112948783,6.498214047222303e-05,5
0.5,0.5,0.1,-0.7006575035828491,0.0,0.00010488107578635846,4.523347645757639e-18,5
0.5,0.5,0.1,0.14381943833684596,0.0,0.07754686189213181,5.646777427573162e-17,5
0.5,0.5,0.1,0.5950822680256249,0.6741055214774889,-3.2360102007413145e-05,-7.602798775244471e-06,5
0.5,0.5,0.1,0.5950822680256249,-0.6741055214774889,-3.236010200741029e-05,7.602798775247453e-06,5
0.3333333333333333,0.5,0.1,-0.88219178361656,0.0,2.011155592924253e-05,-7.16235212157205e-19,5
0.3333333333333333,0.5,0.1,0.06255782626464405,0.0,0.08265046848014662,-9.688017240034137e-17,5
0.3333333333333333,0.5,0.1,0.499305082475624,0.712013415694111,-2.8376573654969627e-05,-1.0821779976425922e-05,5
0.3333333333333333,0.5,0.1,0.499305082475624,-0.712013415694111,-2.8376573654971315e-05,1.0821779976431763e-05,5
0.25,0.5,0.1,-0.9225092270758485,0.0,8.432398864963712e-05,-8.398222585572303e-19,5
0.25,0.5,0.1,-0.07793986906753,0.0,-0.021625501408681896,7.540440245251315e-17,5
0.25,0.5,0.1,0.5575929829626582,0.7531318425383334,-1.1452157770228461e-05,-1.970290066900004e-05,5
0.25,0.5,0.1,0.5575929829626582,-0.7531318425383334,-1.1452157770226955e-05,1.9702900669001947e-05,5
0.2,0.5,0.1,0.03337742777743755,0.0,0.008443303997178476,-4.563010437261185e-18,5
0.14285714285714285,0.5,0.1,-0.9795119590223368,0.0,3.1644375224594116e-05,2.0853622442413421e-22,5
0.14285714285714285,0.5,0.1,0.7280515714690661,0.6052725631555577,-7.892744397703512e-06,1.159314104599228e-05,5
0.14285714285714285,0.5,0.1,0.7280515714690661,-0.6052725631555577,-7.892744397703499e-06,-1.1593141045992262e-05,5
0.1,0.5,0.1,0.867363926294471,0.0,0.00017005361541720416,6.215192375888076e-21,5
0.1,0.5,0.1,0.7013398845628321,0.0,-0.0003163050473911305,-8.442698105376651e-21,5
0.1,0.5,0.1,-0.20751935040759217,0.8367054699264688,7.5521272186179405e-06,1.987469314589929e-05,5
0.1,0.5,0.1,-0.20751935040759217,-0.8367054699264688,7.5521272186179685e-06,-1.9874693145899303e-05,5
0.5,0.3333333333333333,0.5,-0.4258517197094331,0.8856712979987993,1.8649229309979344e-05,1.1982745540016384e-06,5
0.5,0.3333333333333333,0.5,-0.4258517197094331,-0.8856712979987993,1.8649229309984016e-05,-1.19827455400029e-06,5
0.5,0.3333333333333333,0.5,0.02956717362673856,0.0,0.15129482802695368,2.2648472800289017e-16,5
0.5,0.3333333333333333,0.5,0.9518884796851864,0.0,1.356538496311296e-05,-7.972745884609451e-18,5
0.3333333333333333,0.3333333333333333,0.5,0.8705756549560902,0.0,-4.354401268178339e-05,-8.077167622576213e-20,5
0.3333333333333333,0.3333333333333333,0.5,0.281785826704489,0.0,0.002451163038457477,8.674956283533778e-19,5
0.3333333333333333,0.3333333333333333,0.5,0.14962198381991837,0.9462089392076249,2.9479697937090652e-05,2.206893661244293e-05,5
0.3333333333333333,0.3333333333333333,0.5,0.14962198381991837,-0.9462089392076249,2.9479697937090676e-05,-2.2068936612442883e-05,5
0.25,0.3333333333333333,0.5,-0.2819526665168993,0.8576776916494583,-7.668556866031431e-05,-2.5230458953266146e-05,5
0.25,0.3333333333333333,0.5,-0.2819526665168993,-0.8576776916494583,-7.668556866031436e-05,2.5230458953266146e-05,5
0.25,0.3333333333333333,0.5,0.8769766269618854,0.44536443010683124,-3.007279090163154e-06,-3.0868352644385904e-05,5
0.25,0.3333333333333333,0.5,0.8769766269618854,-0.44536443010683124,-3.007279090163165e-06,3.0868352644385945e-05,5
0.2,0.3333333333333333,0.5,-0.9510693869277583,0.0,-4.536852679436608e-05,9.868514934278693e-22,5
0.2,0.3333333333333333,0.5,0.21742193630268816,0.9728955914199576,-9.822022835406346e-06,1.4347639232356202e-05,5
0.2,0.3333333333333333,0.5,0.21742193630268816,-0.9728955914199576,-9.822022835406336e-06,-1.4347639232356174e-05,5
0.2,0.3333333333333333,0.5,0.948426379399123,0.0,-1.741732719207639e-05,-5.8427023652104364e-21,5
0.14285714285714285,0.3333333333333333,0.5,-0.495543790016965,0.863021638905185,-3.608703110788853e-06,1.9846124598585213e-05,5
0.14285714285714285,0.3333333333333333,0.5,-0.495543790016965,-0.863021638905185,-3.60870311078886e-06,-1.9846124598585206e-05,5
0.14285714285714285,0.3333333333333333,0.5,-0.968955201209142,0.0,-2.329932986881021e-05,-1.4184247290005814e-20,5
0.14285714285714285,0.3333333333333333,0.5,0.6205518980727633,0.0,0.00012890212267133172,-1.6272439406648173e-20,5
0.1,0.3333333333333333,0.5,-0.018168347583598782,0.9223247942711935,2.7816189067637603e-05,-2.3038540240225597e-05,5
0.1,0.3333333333333333,0.5,-0.018168347583598782,-0.9223247942711935,2.7816189067637613e-05,2.303854024022559e-05,5
0.1,0.3333333333333333,0.5,-0.481628255293029,0.8625297936179717,-9.757960836330626e-06,-1.554717156662787e-05,5
0.1,0.3333333333333333,0.5,-0.481628255293029,-0.8625297936179717,-9.757960836330641e-06,1.554717156662788e-05,5
0.5,0.3333333333333333,0.25,0.8064754529586469,0.0,0.0001490182095953551,4.324169315147466e-16,5
0.5,0.3333333333333333,0.25,0.0006000666038236332,0.0,10.71694735471567,-1.5715052446625877e-12,5
0.5,0.3333333333333333,0.25,-0.08738344271082399,0.9099710464617464,4.138705092424805e-06,1.941915904479285e-05,5
0.5,0.3333333333333333,0.25,-0.08738344271082399,-0.9099710464617464,4.138705092707548e-06,-1.9419159043575752e-05,5
0.3333333333333333,0.3333333333333333,0.25,-0.6297724572557089,0.0,0.00015994138915277265,-2.7641381008495083e-17,5
0.3333333333333333,0.3333333333333333,0.25,-0.04018874638942474,0.0,-0.03850381299267005,7.049313193191506e-16,5
0.3333333333333333,0.3333333333333333,0.25,0.7295362118916424,0.6430352824508632,-1.2229969126109966e-06,2.3807397466004524e-05,5
0.3333333333333333,0.3333333333333333,0.25,0.7295362118916424,-0.6430352824508632,-1.2229969126084172e-06,-2.3807397466002925e-05,5
0.25,0.3333333333333333,0.25,0.3179900369534975,0.9266576758793758,1.0053492986669137e-05,-2.803600758537523e-05,5
0.25,0.3333333333333333,0.25,0.3179900369534975,-0.9266576758793758,1.005349298666913e-05,2.8036007585375244e-05,5
0.25,0.3333333333333333,0.25,-0.36940402693783847,0.8325095966198963,-4.7814400514220686e-05,2.588151153221983e-05,5
0.25,0.3333333333333333,0.25,-0.36940402693783847,-0.8325095966198963,-4.78144005142207e-05,-2.588151153221978e-05,5
0.2,0.3333333333333333,0.25,0.8504788707923061,0.0,-4.605750052062832e-05,6.298408451634351e-21,5
0.2,0.3333333333333333,0.25,0.07726490016025646,0.0,0.002574084076678485,3.249125781604693e-19,5
0.14285714285714285,0.3333333333333333,0.25,-0.5817285569962837,0.5706828719498376,8.345668021737821e-05,5.4763427451426394e-06,5
0.14285714285714285,0.3333333333333333,0.25,-0.5817285569962837,-0.5706828719498376,8.345668021737816e-05,-5.476342745142595e-06,5
0.14285714285714285,0.3333333333333333,0.25,0.42730391635898823,0.0,9.8548798202481e-05,-3.140573234556355e-20,5
0.1,0.3333333333333333,0.25,-0.5466493244107383,0.6577463931590694,-6.444528851054294e-05,5.371503725984674e-05,5
0.1,0.3333333333333333,0.25,-0.5466493244107383,-0.6577463931590694,-6.444528851054294e-05,-5.37150372598467e-05,5
0.1,0.3333333333333333,0.25,-0.7594476357898194,0.5699466121342239,7.470487612510529e-06,-2.95556865863652e-05,5
0.1,0.3333333333333333,0.25,-0.7594476357898194,-0.5699466121342239,7.4704876125105375e-06,2.9555686586365162e-05,5
0.5,0.3333333333333333,0.2,0.08144530048012921,0.0,0.08719914206907127,1.6684550803137134e-19,5
0.5,0.3333333333333333,0.2,-0.07981006074262137,0.9129216460313679,1.8057140404386492e-05,-5.420767022974511e-05,5
0.5,0.3333333333333333,0.2,-0.07981006074262137,-0.9129216460313679,1.805714040438618e-05,5.4207670229745345e-05,5
0.5,0.3333333333333333,0.2,-1.000106341259398,0.0,-1.3866901443913388e-05,-7.804367795641281e-21,5
0.3333333333333333,0.3333333333333333,0.2,-0.050573425359380364,0.7820220199457691,-0.00015364647730475872,-1.8275328101007958e-05,5
0.3333333333333333,0.3333333333333333,0.2,-0.050573425359380364,-0.7820220199457691,-0.0001536464773047603,1.827532810100807e-05,5
0.3333333333333333,0.3333333333333333,0.2,-0.08800254436000715,0.0,-0.02086533465118647,-2.8795240338061584e-17,5
0.25,0.3333333333333333,0.2,-0.4765923577055853,0.8120065871800445,2.0511208856682282e-05,-3.153479066555403e-05,5
0.25,0.3333333333333333,0.2,-0.4765923577055853,-0.8120065871800445,2.0511208856682373e-05,3.15347906655536e-05,5
0.25,0.3333333333333333,0.2,0.9181243360094092,0.0,3.7537318699135946e-05,2.4979755606033237e-19,5
0.25,0.3333333333333333,0.2,0.01684522867401516,0.0,0.015899721391651453,3.837722099159018e-18,5
0.2,0.3333333333333333,0.2,-0.4169084325288773,0.8931329465606661,3.387684435359447e-05,-1.1212241644822737e-05,5
0.2,0.3333333333333333,0.2,-0.4169084325288773,-0.8931329465606661,3.387684435359443e-05,1.1212241644822726e-05,5
0.2,0.3333333333333333,0.2,0.31472893830856696,0.9307390010455491,2.5733263325247833e-05,-1.6287622387524495e-05,5
0.2,0.3333333333333333,0.2,0.31472893830856696,-0.9307390010455491,2.573326332524783e-05,1.628762238752447e-05,5
0.14285714285714285,0.3333333333333333,0.2,-0.5603970227969524,0.7185791084073063,-3.535299134955359e-06,-3.748301628618155e-05,5
0.14285714285714285,0.3333333333333333,0.2,-0.5603970227969524,-0.7185791084073063,-3.5352991349553366e-06,3.748301628618154e-05,5
0.14285714285714285,0.3333333333333333,0.2,0.6826810802177052,0.4471562249760112,3.048961453502059e-05,1.6511004861482346e-05,5
0.14285714285714285,0.3333333333333333,0.2,0.6826810802177052,-0.4471562249760112,3.0489614535020587e-05,-1.651100486148236e-05,5
0.1,0.3333333333333333,0.2,0.4559068414922454,0.7709794671556786,1.8175293836405895e-05,-7.503920809787243e-05,5
0.1,0.3333333333333333,0.2,0.4559068414922454,-0.7709794671556786,1.8175293836405905e-05,7.503920809787244e-05,5
0.1,0.3333333333333333,0.2,-0.7990292528227227,0.5570938216402119,4.470513863435197e-06,1.590561852651985e-05,5
0.1,0.3333333333333333,0.2,-0.7990292528227227,-0.5570938216402119,4.470513863435184e-06,-1.5905618526519846e-05,5
0.5,0.3333333333333333,0.14285714285714285,-0.8434139441228485,0.0,0.00013132454441820037,5.595931302801925e-18,5
0.5,0.3333333333333333,0.14285714285714285,0.0958347443542535,0.0,0.08850634465222897,2.3843769554530785e-16,5
0.5,0.3333333333333333,0.14285714285714285,0.21883135706850193,0.9134868197009268,-2.450314807864546e-05,-1.924638292182592e-05,5
0.5,0.3333333333333333,0.14285714285714285,0.21883135706850193,-0.9134868197009268,-2.450314807864127e-05,1.924638292181567e-05,5
0.3333333333333333,0.3333333333333333,0.14285714285714285,0.9419195303593556,0.0,1.2616495907749987e-05,0.0,5
0.3333333333333333,0.3333333333333333,0.14285714285714285,0.012180547751791173,0.0,0.24637800610276595,0.0,5
0.3333333333333333,0.3333333333333333,0.14285714285714285,-0.6069390960834157,0.0,0.0003172550748947778,0.0,5
0.3333333333333333,0.3333333333333333,0.14285714285714285,-1.0117397287654024,0.0,1.8441050681135217e-05,0.0,5
0.25,0.3333333333333333,0.14285714285714285,0.8443581410906391,0.0,-1.7058295496189422e-05,-1.5508211450297615e-18,5
0.25,0.3333333333333333,0.14285714285714285,-0.040842447626716655,0.0,-0.01739804843786225,-1.4069498040948933e-16,5
0.25,0.3333333333333333,0.14285714285714285,-0.07607021435594413,0.9176518282475782,1.4261575278876088e-06,-1.6566229451345646e-05,5
0.25,0.3333333333333333,0.14285714285714285,-0.07607021435594413,-0.9176518282475782,1.426157527889068e-06,1.6566229451345484e-05,5
0.2,0.3333333333333333,0.14285714285714285,0.5197463256439148,0.0,0.00028062963467768775,-1.8356872179251562e-19,5
0.2,0.3333333333333333,0.14285714285714285,-0.9108079525930645,0.0,3.805927426152343e-05,4.7319291561388405e-20,5
0.14285714285714285,0.3333333333333333,0.14285714285714285,0.8781049948407493,0.0,5.910457497374779e-05,1.0078853110883749e-21,5
0.14285714285714285,0.3333333333333333,0.14285714285714285,-0.3014679152312997,0.8966222920464365,-3.231705803962689e-05,1.6311905995349164e-05,5
0.14285714285714285,0.3333333333333333,0.14285714285714285,-0.3014679152312997,-0.8966222920464365,-3.231705803962686e-05,-1.6311905995349168e-05,5
0.14285714285714285,0.3333333333333333,0.14285714285714285,-0.8764562938874979,0.0,1.5252294315821948e-05,1.1165905402781583e-21,5
0.1,0.3333333333333333,0.14285714285714285,1.0260972362663476,0.0,-2.273312454516967e-05,-7.241954524754842e-23,5
0.1,0.3333333333333333,0.14285714285714285,-0.67916535002271,0.5808590870195556,1.4090402557842525e-05,-3.6700063442616995e-05,5
0.1,0.3333333333333333,0.14285714285714285,-0.67916535002271,-0.5808590870195556,1.409040255784252e-05,3.6700063442616995e-05,5
0.1,0.3333333333333333,0.14285714285714285,-0.8970032663589078,0.0,-3.3419322058233116e-05,6.4643975027560165e-22,5
0.5,0.3333333333333333,0.1,0.68607119656602,0.0,-0.00019658270550932972,-1.1045801794393074e-17,5
0.5,0.3333333333333333,0.1,0.10922062766487207,0.0,0.09925395685272762,1.0210665954891116e-16,5
0.5,0.3333333333333333,0.1,-0.8814671072496909,0.2836052802121343,-3.376576066821512e-05,7.205531768643199e-07,5
0.5,0.3333333333333333,0.1,-0.8814671072496909,-0.2836052802121343,-3.37657606682359e-05,-7.205531768618805e-07,5
0.3333333333333333,0.3333333333333333,0.1,0.12560856757202304,0.9946355957181727,-1.1534852136666248e-05,2.1083346706708568e-05,5
0.3333333333333333,0.3333333333333333,0.1,0.12560856757202304,-0.9946355957181727,-1.1534852136672031e-05,-2.1083346706703648e-05,5
0.3333333333333333,0.3333333333333333,0.1,0.029684179194503002,0.0,0.14470179446304374,1.1203857958603794e-16,5
0.25,0.3333333333333333,0.1,-0.832436461304168,0.0,-9.566529558442014e-05,2.452630934238909e-20,5
0.25,0.3333333333333333,0.1,0.6312708776544389,0.5207031132714028,-2.8742534642913394e-05,9.838051101844901e-05,5
0.25,0.3333333333333333,0.1,0.6312708776544389,-0.5207031132714028,-2.8742534642914014e-05,-9.838051101844942e-05,5
0.25,0.3333333333333333,0.1,0.1371078528838846,0.0,0.011438485395079778,6.081409685443357e-19,5
0.2,0.3333333333333333,0.1,-0.14674534783383447,0.0,-0.0027352768550589776,-2.289306126636559e-19,5
0.2,0.3333333333333333,0.1,0.2930434408319415,0.8506039271862269,-5.4811017060159086e-05,2.474372860044454e-05,5
0.2,0.3333333333333333,0.1,0.2930434408319415,-0.8506039271862269,-5.481101706015906e-05,-2.4743728600444565e-05,5
0.2,0.3333333333333333,0.1,0.9811375386306748,0.0,-3.579452583076843e-05,4.645502912473136e-21,5
0.1,0.3333333333333333,0.1,-0.6605996001040308,0.5256751144928878,-4.8268868122381747e-05,-1.9037632395917626e-05,5
0.1,0.3333333333333333,0.1,-0.6605996001040308,-0.5256751144928878,-4.826886812238171e-05,1.9037632395917643e-05,5
0.1,0.3333333333333333,0.1,0.47870162940963135,0.0,3.449185939075443e-05,-1.0142275734096284e-19,5
0.1,0.3333333333333333,0.1,-0.0473248967752582,0.0,0.0009664440628608397,-1.2645179787926545e-18,5
0.5,0.25,0.5,0.6771750442237333,0.2006047415854247,6.147107245671685e-05,-3.102794349364501e-05,5
0.5,0.25,0.5,0.6771750442237333,-0.2006047415854247,6.147107245671068e-05,3.102794349364264e-05,5
0.5,0.25,0.5,0.0665283868381242,0.0,0.06110140753813165,5.5254260502202874e-17,5
0.5,0.25,0.5,-0.1983691262464077,0.0,0.0007471706562221475,2.4547800045732967e-17,5
0.3333333333333333,0.25,0.5,0.3291196162530912,0.3157073874959724,0.0006735751149518201,-0.0003345825681661204,5
0.3333333333333333,0.25,0.5,0.3291196162530912,-0.3157073874959724,0.0006735751149518207,0.0003345825681661216,5
0.3333333333333333,0.25,0.5,-0.5016147706526243,0.9038502507345196,1.0884941501401406e-05,-4.416160545839522e-06,5
0.3333333333333333,0.25,0.5,-0.5016147706526243,-0.9038502507345196,1.0884941501401274e-05,4.416160545839395e-06,5
0.25,0.25,0.5,0.4162191670610411,0.8934867835251235,3.0782924643439646e-05,7.606667400156983e-06,5
0.25,0.25,0.5,0.4162191670610411,-0.8934867835251235,3.078292464343965e-05,-7.606667400156962e-06,5
0.25,0.25,0.5,0.7339856402077987,0.1422301424762583,-3.0056462580755875e-06,-0.00012905046782929052,5
0.25,0.25,0.5,0.7339856402077987,-0.1422301424762583,-3.0056462580756497e-06,0.0001290504678292905,5
0.2,0.25,0.5,-0.6537481159592724,0.6851282565956787,-2.9751804435297766e-06,-2.6519360863363237e-05,5
0.2,0.25,0.5,-0.6537481159592724,-0.6851282565956787,-2.975180443529789e-06,2.6519360863363183e-05,5
0.2,0.25,0.5,-0.4482339023597855,0.0,-0.0002891701968896095,2.9542195892447725e-20,5
0.14285714285714285,0.25,0.5,-0.9576370613683729,0.158668278484176,1.365820031661825e-05,1.5159062641121142e-06,5
0.14285714285714285,0.25,0.5,-0.9576370613683729,-0.158668278484176,1.3658200316618258e-05,-1.5159062641121167e-06,5
0.14285714285714285,0.25,0.5,0.6850976854629979,0.437033586050423,-2.7334016476886997e-06,2.194799784563033e-05,5
0.14285714285714285,0.25,0.5,0.6850976854629979,-0.437033586050423,-2.733401647688688e-06,-2.194799784563033e-05,5
0.1,0.25,0.5,-0.7221734104533633,0.7104768379244948,1.3675117013737682e-05,1.0067468436625054e-05,5
0.1,0.25,0.5,-0.7221734104533633,-0.7104768379244948,1.3675117013737689e-05,-1.0067468436625054e-05,5
0.5,0.25,0.3333333333333333,0.7278829688045567,0.0,0.0002647018783239548,-1.3710546827698554e-17,5
0.5,0.25,0.3333333333333333,0.05433893230377161,0.0,0.1095802712230907,4.070548499140627e-16,5
0.5,0.25,0.3333333333333333,-0.6711082747528907,0.5972666661599999,2.4734826251999217e-05,5.1952143808004106e-05,5
0.5,0.25,0.3333333333333333,-0.6711082747528907,-0.5972666661599999,2.4734826252028098e-05,-5.195214380801749e-05,5
0.3333333333333333,0.25,0.3333333333333333,0.47210395504905567,0.4302608011977983,8.671863653224842e-05,5.9727185836551537e-05,5
0.3333333333333333,0.25,0.3333333333333333,0.47210395504905567,-0.4302608011977983,8.671863653224744e-05,-5.97271858365524e-05,5
0.3333333333333333,0.25,0.3333333333333333,-0.36655827794281526,0.0,0.0007438051059710351,1.7106678617572433e-18,5
0.3333333333333333,0.25,0.3333333333333333,-0.004514482711880886,0.0,-0.28970817850030783,-9.424565123206187e-17,5
0.25,0.25,0.3333333333333333,-0.3713915112863817,0.8003641125241442,-3.9823908204424285e-05,5.398145647492112e-06,5
0.25,0.25,0.3333333333333333,-0.3713915112863817,-0.8003641125241442,-3.9823908204424326e-05,-5.398145647491964e-06,5
0.25,0.25,0.3333333333333333,0.4715294198596391,0.0,0.0004687124500319692,-4.860781615082174e-20,5
0.25,0.25,0.3333333333333333,0.9582613373751387,0.0,-3.18956803256121e-05,-5.3210676529770644e-20,5
0.2,0.25,0.3333333333333333,-0.07910846519629683,0.09550478994611881,-0.0013730235291053803,0.0006841641523659752,5
0.2,0.25,0.3333333333333333,-0.07910846519629683,-0.09550478994611881,-0.0013730235291054026,-0.0006841641523659475,5
0.2,0.25,0.3333333333333333,-0.9208885087280922,0.25764126616681404,-1.8318197708198764e-05,-1.366648748832418e-05,5
0.2,0.25,0.3333333333333333,-0.9208885087280922,-0.25764126616681404,-1.8318197708198574e-05,1.3666487488324072e-05,5
0.14285714285714285,0.25,0.3333333333333333,0.5566940949466326,0.5334739052866625,2.912312433482187e-05,-4.476142311409251e-05,5
0.14285714285714285,0.25,0.3333333333333333,0.5566940949466326,-0.5334739052866625,2.912312433482185e-05,4.476142311409247e-05,5
0.14285714285714285,0.25,0.3333333333333333,-0.8938218285106143,0.20730204585838427,-1.0112413288409937e-05,3.5431165238142905e-05,5
0.14285714285714285,0.25,0.3333333333333333,-0.8938218285106143,-0.20730204585838427,-1.0112413288409921e-05,-3.543116523814289e-05,5
0.1,0.25,0.3333333333333333,0.6697589323757265,0.3025579742633566,6.12031129365128e-05,-7.999190810116161e-05,5
0.1,0.25,0.3333333333333333,0.6697589323757265,-0.3025579742633566,6.12031129365127e-05,7.999190810116165e-05,5
0.1,0.25,0.3333333333333333,-0.7514426945518919,0.4144160958123242,-7.363865905335765e-05,4.184226208712668e-05,5
0.1,0.25,0.3333333333333333,-0.7514426945518919,-0.4144160958123242,-7.363865905335768e-05,-4.1842262087126616e-05,5
0.5,0.25,0.2,0.797666246964367,0.0,-0.0001637436365242421,8.942413265138057e-18,5
0.5,0.25,0.2,0.11832947336433758,0.0,0.052888171242381835,-1.3912743263093077e-16,5
0.5,0.25,0.2,-0.5144516747112938,0.8496524427069844,-7.871883207708523e-06,-1.1561986927982026e-05,5
0.5,0.25,0.2,-0.5144516747112938,-0.8496524427069844,-7.87188320770351e-06,1.156198692797865e-05,5
0.3333333333333333,0.25,0.2,-0.6920176963525604,0.6434322921093248,3.0118684789326554e-05,-6.493348558203699e-05,5
0.3333333333333333,0.25,0.2,-0.6920176963525604,-0.6434322921093248,3.0118684789328766e-05,6.493348558203878e-05,5
0.3333333333333333,0.25,0.2,0.07670358639778616,0.0,0.02817105822192079,-1.4538874800371827e-17,5
0.3333333333333333,0.25,0.2,0.36582841037421726,0.0,8.423799502321024e-05,5.3463478663974e-18,5
0.25,0.25,0.2,0.44643712754053194,0.748008751355217,-2.4046804131111914e-05,5.866868764137703e-05,5
0.25,0.25,0.2,0.44643712754053194,-0.748008751355217,-2.4046804131110142e-05,-5.866868764137951e-05,5
0.25,0.25,0.2,-0.016868972397242374,0.0,-0.026904399999891738,-1.5334742515533624e-16,5
0.25,0.25,0.2,0.6571714222355088,0.0,-4.0021843008220795e-05,-3.734082683550638e-18,5
0.2,0.25,0.2,0.8547559856288105,0.16439776943650328,1.3063149862429151e-05,4.949045497493221e-06,5
0.2,0.25,0.2,0.8547559856288105,-0.16439776943650328,1.3063149862429092e-05,-4.949045497493239e-06,5
0.2,0.25,0.2,-0.5543024544373146,0.6582505826292243,6.448377583577526e-05,1.9693161073659357e-05,5
0.2,0.25,0.2,-0.5543024544373146,-0.6582505826292243,6.448377583577528e-05,-1.9693161073659408e-05,5
0.14285714285714285,0.25,0.2,0.9154284857753177,0.3434216149556234,-1.563018454657419e-05,-2.189983862747837e-05,5
0.14285714285714285,0.25,0.2,0.9154284857753177,-0.3434216149556234,-1.56301845465742e-05,2.1899838627478386e-05,5
0.14285714285714285,0.25,0.2,-0.8415730068993421,0.3227282415211132,-1.6621289053272876e-05,1.1472256114434819e-05,5
0.14285714285714285,0.25,0.2,-0.8415730068993421,-0.3227282415211132,-1.6621289053272856e-05,-1.1472256114434805e-05,5
0.1,0.25,0.2,0.6156166405077614,0.7347816754940045,1.8410535741540315e-05,-3.1996008308258524e-05,5
0.1,0.25,0.2,0.6156166405077614,-0.7347816754940045,1.8410535741540355e-05,3.199600830825855e-05,5
0.1,0.25,0.2,-0.8019892152194623,0.26213984903432197,-5.832358408262176e-05,3.570393545164206e-05,5
0.1,0.25,0.2,-0.8019892152194623,-0.26213984903432197,-5.832358408262171e-05,-3.570393545164212e-05,5
0.5,0.25,0.14285714285714285,0.1206384721151686,0.0,0.05281906416037911,3.06612359409155e-17,5
0.5,0.25,0.14285714285714285,-0.792930906613426,0.23710613379592846,-0.00014352419128954995,1.928128522175192e-05,5
0.5,0.25,0.14285714285714285,-0.792930906613426,-0.23710613379592846,-0.0001435241912895404,-1.9281285221753e-05,5
0.3333333333333333,0.25,0.14285714285714285,-0.39453943137350506,0.0,0.000512662501171575,-3.91188317151465e-17,5
0.3333333333333333,0.25,0.14285714285714285,-0.07790840660460238,0.0,-0.04792565643187429,2.115294510869698e-16,5
0.3333333333333333,0.25,0.14285714285714285,0.9270951755853816,0.2278048639819255,4.644769624226114e-05,1.2019751283480132e-05,5
0.3333333333333333,0.25,0.14285714285714285,0.9270951755853816,-0.2278048639819255,4.644769624226093e-05,-1.2019751283481816e-05,5
0.25,0.25,0.14285714285714285,-0.31127994190926944,0.6307325263450172,-4.840318882182856e-05,-5.284227032951089e-05,5
0.25,0.25,0.14285714285714285,-0.31127994190926944,-0.6307325263450172,-4.8403188821828437e-05,5.284227032950995e-05,5
0.25,0.25,0.14285714285714285,-0.06150423438329232,0.31084195382719565,-0.0007388547045233053,-0.001025213003685747,5
0.25,0.25,0.14285714285714285,-0.06150423438329232,-0.31084195382719565,-0.0007388547045233054,0.0010252130036857484,5
0.2,0.25,0.14285714285714285,-0.33291102519426263,0.0,-0.0002143877110592928,6.223662131944283e-20,5
0.2,0.25,0.14285714285714285,0.8944450452130268,0.41347976381693136,2.7100442357706856e-05,-1.64083570872847e-05,5
0.2,0.25,0.14285714285714285,0.8944450452130268,-0.41347976381693136,2.710044235770687e-05,1.6408357087284695e-05,5
0.2,0.25,0.14285714285714285,0.641777042115732,0.0,6.028281958372524e-05,6.063697625699092e-20,5
0.14285714285714285,0.25,0.14285714285714285,-0.309072841392673,0.7428609614281205,8.275524632122618e-05,1.926548171561686e-06,5
0.14285714285714285,0.25,0.14285714285714285,-0.309072841392673,-0.7428609614281205,8.275524632122621e-05,-1.926548171561757e-06,5
0.14285714285714285,0.25,0.14285714285714285,0.994245600676057,0.0,-1.5750519000938993e-05,-1.2606178528589578e-20,5
0.14285714285714285,0.25,0.14285714285714285,0.6422258736814459,0.0,0.00010621892434450731,1.4357051926173795e-20,5
0.1,0.25,0.14285714285714285,-0.04332393917419529,1.0179950503278046,-1.3361541574337308e-05,-7.379890352401114e-06,5
0.1,0.25,0.14285714285714285,-0.04332393917419529,-1.0179950503278046,-1.3361541574337308e-05,7.37989035240112e-06,5
0.1,0.25,0.14285714285714285,0.9004884246607889,0.2754297245440789,-1.1616408177923002e-05,-3.3567063523228764e-06,5
0.1,0.25,0.14285714285714285,0.9004884246607889,-0.2754297245440789,-1.1616408177922989e-05,3.3567063523228667e-06,5
0.5,0.25,0.1,0.05047522554297018,0.0,0.16057363631744326,-2.435268564033302e-20,5
0.5,0.25,0.1,-0.12818748312558467,0.9294478096524568,-6.518823018415541e-05,1.0033002739513791e-05,5
0.5,0.25,0.1,-0.12818748312558467,-0.9294478096524568,-6.518823018415554e-05,-1.0033002739513703e-05,5
0.5,0.25,0.1,1.0016810126722409,0.0,1.533860773760701e-05,-4.4516458854816627e-20,5
0.3333333333333333,0.25,0.1,-0.9179545232800144,0.0,1.757499953726857e-05,1.0761738119477703e-18,5
0.3333333333333333,0.25,0.1,0.03434951931540636,0.0,0.14425555501202472,2.9419531822643547e-16,5
0.3333333333333333,0.25,0.1,0.6608345376371898,0.7000559432931731,2.887959163659932e-05,2.905346552261366e-05,5
0.3333333333333333,0.25,0.1,0.6608345376371898,-0.7000559432931731,2.8879591636600252e-05,-2.905346552261424e-05,5
0.25,0.25,0.1,-0.04458231932896635,0.0,-0.03836089867782476,1.1017698844966154e-19,5
0.25,0.25,0.1,-0.5288523239440799,0.7285582670436916,6.5110411891665794e-06,8.69773670473736e-05,5
0.25,0.25,0.1,-0.5288523239440799,-0.7285582670436916,6.511041189166415e-06,-8.697736704737369e-05,5
0.25,0.25,0.1,-0.8614685582784208,0.0,4.248316267312398e-05,-1.5041732174449132e-20,5
0.2,0.25,0.1,-0.3953184536040303,0.0,-0.0004587731384261481,-3.483321825321945e-19,5
0.2,0.25,0.1,-0.8515883179872342,0.1505886394740694,-9.3438452134212e-05,0.00010488192760340011,5
0.2,0.25,0.1,-0.8515883179872342,-0.1505886394740694,-9.343845213421193e-05,-0.00010488192760340007,5
0.14285714285714285,0.25,0.1,-0.9322693664848061,0.0,6.21013851567843e-05,4.446075282778638e-21,5
0.14285714285714285,0.25,0.1,-0.2863825384312728,0.7695652338577968,9.402131681583313e-05,-1.2922220308731316e-05,5
0.14285714285714285,0.25,0.1,-0.2863825384312728,-0.7695652338577968,9.402131681583314e-05,1.292222030873133e-05,5
0.14285714285714285,0.25,0.1,0.6131688750637977,0.0,2.9408785040113733e-05,-2.6793835166560474e-20,5
0.1,0.25,0.1,-0.6497410729994255,0.7041244930746035,-2.285105720634574e-05,1.327379893190563e-05,5
0.1,0.25,0.1,-0.6497410729994255,-0.7041244930746035,-2.285105720634561e-05,-1.3273798931906043e-05,5
0.1,0.25,0.1,-0.9217752684880502,0.0,-6.75073024293521e-05,5.325688931213204e-20,5
0.1,0.25,0.1,-0.6589082861541938,0.0,-5.916343221518113e-05,1.8364853855289127e-20,5
0.5,0.2,0.5,-0.0586636165276484,0.11557735850470255,-0.017339802632912512,-0.011830224465955027,5
0.5,0.2,0.5,-0.0586636165276484,-0.11557735850470255,-0.01733980263291217,0.011830224465954504,5
0.5,0.2,0.5,0.703796908667595,0.713287234055183,-1.68693452011299e-05,-3.3748128507426252e-06,5
0.5,0.2,0.5,0.703796908667595,-0.713287234055183,-1.68693452011321e-05,3.37481285074431e-06,5
0.3333333333333333,0.2,0.5,-0.2838175653013624,0.45786634772575685,-3.43180276801251e-05,-0.0005752941979102444,5
0.3333333333333333,0.2,0.5,-0.2838175653013624,-0.45786634772575685,-3.431802768012488e-05,0.0005752941979102437,5
0.3333333333333333,0.2,0.5,0.6589810722258954,0.0,0.00038903560489417693,8.988211329667144e-20,5
0.3333333333333333,0.2,0.5,0.1802554507415806,0.0,0.0010774705565171387,-4.914802879237044e-19,5
0.25,0.2,0.5,-0.848872534776431,0.5441661677900398,4.81636003537214e-06,-2.2650482664185734e-05,5
0.25,0.2,0.5,-0.848872534776431,-0.5441661677900398,4.8163600353721364e-06,2.2650482664185724e-05,5
0.25,0.2,0.5,0.04490582517477812,0.7902747261233108,-5.632341964030737e-05,-7.193283965386586e-05,5
0.25,0.2,0.5,0.04490582517477812,-0.7902747261233108,-5.632341964030732e-05,7.193283965386597e-05,5
0.2,0.2,0.5,-0.39189113893239125,0.917950486454364,1.5814430444293796e-05,8.024231036167177e-06,5
0.2,0.2,0.5,-0.39189113893239125,-0.917950486454364,1.5814430444293793e-05,-8.024231036167187e-06,5
0.2,0.2,0.5,0.371515052318255,0.7739161478545591,-5.315384040414895e-05,1.623960820185932e-05,5
0.2,0.2,0.5,0.371515052318255,-0.7739161478545591,-5.315384040414895e-05,-1.6239608201859286e-05,5
0.14285714285714285,0.2,0.5,-0.13835411848360368,0.978227152463253,-1.6293537772783066e-05,-1.2076125051727924e-06,5
0.14285714285714285,0.2,0.5,-0.13835411848360368,-0.978227152463253,-1.6293537772783052e-05,1.2076125051727727e-06,5
0.14285714285714285,0.2,0.5,0.9123894451715566,0.0,7.76248606035811e-05,-1.956548698100534e-20,5
0.1,0.2,0.5,-0.4135506067066701,0.8663222311981947,2.7849634314500292e-05,-2.213875796718675e-05,5
0.1,0.2,0.5,-0.4135506067066701,-0.8663222311981947,2.7849634314500302e-05,2.2138757967186734e-05,5
0.1,0.2,0.5,0.2967995140856513,0.9228942060577708,-1.7092824529115552e-05,-1.2153441530414215e-05,5
0.1,0.2,0.5,0.2967995140856513,-0.9228942060577708,-1.7092824529115538e-05,1.2153441530414195e-05,5
0.5,0.2,0.3333333333333333,-0.6814110851102919,0.6929622842509023,4.447946791197491e-05,1.2290677983810687e-05,5
0.5,0.2,0.3333333333333333,-0.6814110851102919,-0.6929622842509023,4.4479467912009004e-05,-1.2290677983753844e-05,5
0.5,0.2,0.3333333333333333,-0.040192606321758806,0.0,-0.10564396659492958,-5.275814286734935e-16,5
0.5,0.2,0.3333333333333333,1.0325088285177904,0.0,-1.3950236271871825e-05,-1.7431189467238947e-19,5
0.3333333333333333,0.2,0.3333333333333333,-0.10193400420467293,0.8469059385401689,1.9411664526362513e-05,6.413129612715139e-05,5
0.3333333333333333,0.2,0.3333333333333333,-0.10193400420467293,-0.8469059385401689,1.9411664526362432e-05,-6.413129612714509e-05,5
0.3333333333333333,0.2,0.3333333333333333,0.05087750383336015,0.19917107868695763,0.002598220803449629,-0.0030646929683607483,5
0.3333333333333333,0.2,0.3333333333333333,0.05087750383336015,-0.19917107868695763,0.002598220803449629,0.003064692968360741,5
0.25,0.2,0.3333333333333333,-0.3082318753643251,0.0,-0.00022464890912712046,-4.61995065174695e-20,5
0.25,0.2,0.3333333333333333,0.5912815566590442,0.6098188101329001,1.9486226861028314e-05,5.381312553249757e-05,5
0.25,0.2,0.3333333333333333,0.5912815566590442,-0.6098188101329001,1.9486226861028338e-05,-5.381312553249757e-05,5
0.25,0.2,0.3333333333333333,0.5724231584848333,0.0,0.00023416654384070671,-2.7659413663765776e-21,5
0.2,0.2,0.3333333333333333,0.7141856120824482,0.0,-4.831821173840632e-05,-4.7389336764696095e-21,5
0.2,0.2,0.3333333333333333,-0.7492316230654277,0.0,6.62008160807885e-05,-1.152484005490427e-22,5
0.2,0.2,0.3333333333333333,-0.41864939827204706,0.6601393901333268,1.268336810983308e-05,-3.119635428082896e-05,5
0.2,0.2,0.3333333333333333,-0.41864939827204706,-0.6601393901333268,1.268336810983307e-05,3.1196354280828955e-05,5
0.14285714285714285,0.2,0.3333333333333333,0.7952078495053256,0.5931454833133828,-1.8179612950257423e-06,1.7348151486298024e-05,5
0.14285714285714285,0.2,0.3333333333333333,0.7952078495053256,-0.5931454833133828,-1.8179612950257529e-06,-1.7348151486298007e-05,5
0.14285714285714285,0.2,0.3333333333333333,-0.23624652130518464,0.9243970547952792,-4.741424934711896e-06,-2.5547373091324238e-05,5
0.14285714285714285,0.2,0.3333333333333333,-0.23624652130518464,-0.9243970547952792,-4.741424934711886e-06,2.554737309132424e-05,5
0.1,0.2,0.3333333333333333,0.9017244872446408,0.3843129237440818,5.498942896495936e-06,1.772874634241424e-05,5
0.1,0.2,0.3333333333333333,0.9017244872446408,-0.3843129237440818,5.4989428964959214e-06,-1.7728746342414246e-05,5
0.1,0.2,0.3333333333333333,0.9596482836350818,0.0,2.2698345709112055e-05,-9.432353035641927e-21,5
0.1,0.2,0.3333333333333333,-0.9546080293755211,0.0,2.0977647870191694e-05,5.27692123571625e-21,5
0.5,0.2,0.25,-0.5945915017361059,0.0,-0.0005661661762152477,-5.167478469979519e-19,5
0.5,0.2,0.25,0.1731133013574148,0.0,0.02886770967350195,-2.34186801868603e-18,5
0.5,0.2,0.25,0.6627585892675005,0.5058682892824644,-7.217611164959461e-05,5.1358473090724885e-05,5
0.5,0.2,0.25,0.6627585892675005,-0.5058682892824644,-7.217611164959575e-05,-5.135847309072337e-05,5
0.3333333333333333,0.2,0.25,-0.9216740816971422,0.0,-3.701855533787837e-05,7.560282616975073e-18,5
0.3333333333333333,0.2,0.25,-0.005337953771683099,0.0,-0.337515657148674,-9.83012511747621e-15,5
0.3333333333333333,0.2,0.25,0.12395776465836816,0.9911282327884358,-9.278056271206487e-06,-1.0781489648216793e-05,5
0.3333333333333333,0.2,0.25,0.12395776465836816,-0.9911282327884358,-9.278056271165994e-06,1.0781489648235363e-05,5
0.25,0.2,0.25,-0.798560935219607,0.10789749915063526,-0.0001072339028977948,0.00015014646106178357,5
0.25,0.2,0.25,-0.798560935219607,-0.10789749915063526,-0.00010723390289779495,-0.00015014646106178338,5
0.25,0.2,0.25,0.2901382298150216,0.7117264609930419,-3.6843815638362405e-05,-4.013533840188646e-05,5
0.25,0.2,0.25,0.2901382298150216,-0.7117264609930419,-3.684381563836234e-05,4.0135338401886355e-05,5
0.2,0.2,0.25,-0.2437944166827999,0.9250429678535977,-2.427182979198968e-05,-2.3931017730711873e-05,5
0.2,0.2,0.25,-0.2437944166827999,-0.9250429678535977,-2.4271829791989653e-05,2.393101773071187e-05,5
0.2,0.2,0.25,-0.732211864406169,0.5400097628011079,3.2695225379239825e-05,-5.534279169402566e-06,5
0.2,0.2,0.25,-0.732211864406169,-0.5400097628011079,3.269522537923984e-05,5.534279169402568e-06,5
0.14285714285714285,0.2,0.25,0.9669093690989325,0.252416693224317,5.0236736281259025e-06,-2.607624165980579e-05,5
0.14285714285714285,0.2,0.25,0.9669093690989325,-0.252416693224317,5.023673628125906e-06,2.607624165980579e-05,5
0.14285714285714285,0.2,0.25,-0.631181820447819,0.5082440841785698,5.020441758090041e-05,-5.699246688208472e-05,5
0.14285714285714285,0.2,0.25,-0.631181820447819,-0.5082440841785698,5.0204417580900416e-05,5.6992466882084764e-05,5
0.1,0.2,0.25,-0.9495787940768848,0.0,3.282638222661189e-05,1.4697073339643767e-20,5
0.1,0.2,0.25,-0.39921500617463246,0.0,-0.00014529486456032965,4.696592523626483e-20,5
0.3333333333333333,0.2,0.14285714285714285,0.7300903141777348,0.5697950604878541,-2.69725293770036e-05,5.629370028111093e-05,5
0.3333333333333333,0.2,0.14285714285714285,0.7300903141777348,-0.5697950604878541,-2.6972529377001763e-05,-5.6293700281103624e-05,5
0.3333333333333333,0.2,0.14285714285714285,0.055552283654424675,0.0,0.059294621488562016,1.9023142053694452e-17,5
0.3333333333333333,0.2,0.14285714285714285,-0.1089311274259819,0.0,-0.0019253944469374321,4.253600344096773e-18,5
0.25,0.2,0.14285714285714285,0.37392192181897455,0.0,0.00036722317334569947,-4.4141622266643405e-19,5
0.25,0.2,0.14285714285714285,-0.7435343481138226,0.547702204522897,2.6586747051596e-05,6.248510924745964e-05,5
0.25,0.2,0.14285714285714285,-0.7435343481138226,-0.547702204522897,2.6586747051594833e-05,-6.248510924745919e-05,5
0.25,0.2,0.14285714285714285,-0.1936771367429469,0.0,-0.004493177782518434,-4.104484514450573e-19,5
0.2,0.2,0.14285714285714285,0.7255882595291963,0.25198948131293697,0.0001175843479645876,5.6676174345922753e-05,5
0.2,0.2,0.14285714285714285,0.7255882595291963,-0.25198948131293697,0.00011758434796458784,-5.667617434592279e-05,5
0.2,0.2,0.14285714285714285,-0.1675274584694194,0.3766125159025014,-3.9003752790949855e-05,-0.00023206822174037925,5
0.2,0.2,0.14285714285714285,-0.1675274584694194,-0.3766125159025014,-3.900375279094972e-05,0.00023206822174037925,5
0.14285714285714285,0.2,0.14285714285714285,-0.9223074799106543,0.0,2.6381799125569754e-05,-2.1681322377294674e-24,5
0.14285714285714285,0.2,0.14285714285714285,0.9858528969652829,0.0,-2.2817169564344247e-05,-3.0854686140153132e-21,5
0.14285714285714285,0.2,0.14285714285714285,0.5187123895117409,0.6926391716461582,-1.3695547894314641e-05,1.963951084134976e-05,5
0.14285714285714285,0.2,0.14285714285714285,0.5187123895117409,-0.6926391716461582,-1.3695547894314628e-05,-1.963951084134976e-05,5
0.1,0.2,0.14285714285714285,0.8463908690205589,0.4901400949190682,2.2857455905763775e-05,1.8655182997930116e-05,5
0.1,0.2,0.14285714285714285,0.8463908690205589,-0.4901400949190682,2.2857455905763816e-05,-1.8655182997930194e-05,5
0.1,0.2,0.14285714285714285,-0.31047958768258954,0.7819177833124741,-3.0600385586288456e-05,4.95899094856816e-05,5
0.1,0.2,0.14285714285714285,-0.31047958768258954,-0.7819177833124741,-3.0600385586288435e-05,-4.958990948568163e-05,5
0.14285714285714285,0.2,0.1,-0.9794928718516638,0.0,-2.940276103010315e-05,2.1934247633816805e-21,5
0.14285714285714285,0.2,0.1,0.7793610884243846,0.0,5.790259064749167e-05,-3.2581102166184067e-19,5
0.14285714285714285,0.2,0.1,0.08777358275429945,0.12202430479132294,-0.00215410134749064,-0.0014068340238055903,5
0.14285714285714285,0.2,0.1,0.08777358275429945,-0.12202430479132294,-0.0021541013474906424,0.0014068340238055897,5
0.1,0.2,0.1,0.19061026155848784,0.8891647153870871,-1.461199743162277e-06,3.459645755500275e-05,5
0.1,0.2,0.1,0.19061026155848784,-0.8891647153870871,-1.4611997431623143e-06,-3.459645755500274e-05,5
0.1,0.2,0.1,-0.8526955580628197,0.2673623510826945,-1.6105622293436832e-05,3.3999746322124785e-05,5
0.1,0.2,0.1,-0.8526955580628197,-0.2673623510826945,-1.610562229343683e-05,-3.399974632212478e-05,5
0.5,0.14285714285714285,0.5,0.10591166439080416,0.9514269686592817,4.286431338514698e-05,-4.4112766740947074e-05,5
0.5,0.14285714285714285,0.5,0.10591166439080416,-0.9514269686592817,4.286431338514684e-05,4.4112766740946166e-05,5
0.5,0.14285714285714285,0.5,-0.10737428471496553,0.0,-0.03392347816947039,5.375747125371516e-18,5
0.5,0.14285714285714285,0.5,0.8301910818665672,0.0,0.00016082275071074723,2.7622616635353703e-19,5
0.3333333333333333,0.14285714285714285,0.5,0.48359657898120745,0.8960106584273733,-1.2593491269236516e-05,-1.617288495771635e-05,5
0.3333333333333333,0.14285714285714285,0.5,0.48359657898120745,-0.8960106584273733,-1.2593491269236908e-05,1.617288495771659e-05,5
0.3333333333333333,0.14285714285714285,0.5,-0.6342601570865515,0.0,7.050495188333168e-05,9.389056232533534e-20,5
0.3333333333333333,0.14285714285714285,0.5,-0.04538790965675286,0.0,-0.04130640714368721,-1.2460766979249582e-17,5
0.25,0.14285714285714285,0.5,-0.4378464882840435,0.3322993767104195,-0.0003747762600086884,0.0001543849354726157,5
0.25,0.14285714285714285,0.5,-0.4378464882840435,-0.3322993767104195,-0.0003747762600086884,-0.00015438493547261558,5
0.25,0.14285714285714285,0.5,0.9076496300104544,0.2784060509675922,-2.53013085642791e-05,-1.0089997191843522e-05,5
0.25,0.14285714285714285,0.5,0.9076496300104544,-0.2784060509675922,-2.530130856427917e-05,1.0089997191843413e-05,5
0.14285714285714285,0.14285714285714285,0.5,-0.5690265386278999,0.7158460186495271,2.1232846830429866e-06,-1.5499757780953646e-05,5
0.14285714285714285,0.14285714285714285,0.5,-0.5690265386278999,-0.7158460186495271,2.1232846830429866e-06,1.5499757780953646e-05,5
0.14285714285714285,0.14285714285714285,0.5,-0.7745177018804035,0.10823617074437676,2.3440896200440305e-05,5.1864322376433105e-06,5
0.14285714285714285,0.14285714285714285,0.5,-0.7745177018804035,-0.10823617074437676,2.344089620044031e-05,-5.1864322376433e-06,5
0.1,0.14285714285714285,0.5,0.16771061923371489,0.9684055403476863,-1.5893290959128954e-05,-1.591168299047108e-05,5
0.1,0.14285714285714285,0.5,0.16771061923371489,-0.9684055403476863,-1.5893290959128964e-05,1.591168299047108e-05,5
0.1,0.14285714285714285,0.5,-0.8310457801994345,0.47303813099746395,-6.885238665855029e-06,2.436058666378244e-05,5
0.1,0.14285714285714285,0.5,-0.8310457801994345,-0.47303813099746395,-6.885238665855072e-06,-2.436058666378244e-05,5
0.5,0.14285714285714285,0.3333333333333333,-0.13630620078818675,0.0,-0.01133979101764624,1.457733719664097e-17,5
0.5,0.14285714285714285,0.3333333333333333,0.2926508926905593,0.0,0.0075234122224385,6.99546231783255e-18,5
0.5,0.14285714285714285,0.3333333333333333,0.20254185308094824,0.9310463570822971,9.97489436514199e-06,-3.361560482067532e-05,5
0.5,0.14285714285714285,0.3333333333333333,0.20254185308094824,-0.9310463570822971,9.974894365141833e-06,3.361560482067619e-05,5
0.3333333333333333,0.14285714285714285,0.3333333333333333,0.12488600306387176,0.0,0.01264498514924218,1.560787059331629e-20,5
0.3333333333333333,0.14285714285714285,0.3333333333333333,0.9211543311855401,0.0,-1.7216833996405687e-05,1.4795342132001164e-20,5
0.3333333333333333,0.14285714285714285,0.3333333333333333,0.543945211156755,0.737555556604825,-6.586371954452598e-06,2.0638153590104825e-05,5
0.3333333333333333,0.14285714285714285,0.3333333333333333,0.543945211156755,-0.737555556604825,-6.5863719544525365e-06,-2.06381535901049e-05,5
0.25,0.14285714285714285,0.3333333333333333,0.4172965271323579,0.0,0.0005575348698903932,9.195739377847607e-21,5
0.25,0.14285714285714285,0.3333333333333333,-0.8062235658371191,0.5512577537380237,2.4219794559058508e-05,-1.2473182742390661e-05,5
0.25,0.14285714285714285,0.3333333333333333,-0.8062235658371191,-0.5512577537380237,2.421979455905853e-05,1.2473182742390661e-05,5
0.25,0.14285714285714285,0.3333333333333333,-0.9804485278181027,0.0,1.6578523839960446e-05,-3.3317380600094007e-21,5
0.2,0.14285714285714285,0.3333333333333333,0.4965679616285784,0.8697702182934228,-7.868870896643028e-06,-1.7843471221762272e-05,5
0.2,0.14285714285714285,0.3333333333333333,0.4965679616285784,-0.8697702182934228,-7.86887089664303e-06,1.7843471221762282e-05,5
0.2,0.14285714285714285,0.3333333333333333,-0.9901619797708031,0.0,-1.7663751069218812e-05,4.856487601755053e-21,5
0.2,0.14285714285714285,0.3333333333333333,-0.8157273550690128,0.0,-8.154802576435614e-05,-1.1825379160252268e-20,5
0.14285714285714285,0.14285714285714285,0.3333333333333333,0.08458962528692468,0.8604236467529252,-1.1066158835279452e-07,-4.031936229367955e-05,5
0.14285714285714285,0.14285714285714285,0.3333333333333333,0.08458962528692468,-0.8604236467529252,-1.1066158835283964e-07,4.031936229367953e-05,5
0.14285714285714285,0.14285714285714285,0.3333333333333333,0.3046840734924232,0.40155655201950324,-0.00018754960837359753,-7.635808786788993e-05,5
0.14285714285714285,0.14285714285714285,0.3333333333333333,0.3046840734924232,-0.40155655201950324,-0.0001875496083735975,7.635808786788977e-05,5
0.1,0.14285714285714285,0.3333333333333333,-0.8913737317987753,0.4961892207373823,-1.8595639538401204e-05,-8.649844300297531e-07,5
0.1,0.14285714285714285,0.3333333333333333,-0.8913737317987753,-0.4961892207373823,-1.85956395384012e-05,8.649844300297552e-07,5
0.1,0.14285714285714285,0.3333333333333333,0.43416313145568586,0.856497947504833,-1.2677305341027266e-05,-5.956685536491594e-06,5
0.1,0.14285714285714285,0.3333333333333333,0.43416313145568586,-0.856497947504833,-1.267730534102726e-05,5.956685536491593e-06,5
0.5,0.14285714285714285,0.25,-0.37130202603971174,0.8029026152519494,2.486820030058137e-05,8.454822070216347e-05,5
0.5,0.14285714285714285,0.25,-0.37130202603971174,-0.8029026152519494,2.4868200300580734e-05,-8.454822070215545e-05,5
0.5,0.14285714285714285,0.25,-0.14254219266184556,0.16461621517988143,-0.007951778832297505,-0.007746401437926063,5
0.5,0.14285714285714285,0.25,-0.14254219266184556,-0.16461621517988143,-0.007951778832297522,0.007746401437926069,5
0.3333333333333333,0.14285714285714285,0.25,0.7316116819173644,0.0,0.00027376032206079314,-1.440664694360259e-19,5
0.3333333333333333,0.14285714285714285,0.25,0.06701187782917287,0.2015382469819561,0.005170580926227148,-0.0029880899805942184,5
0.3333333333333333,0.14285714285714285,0.25,0.06701187782917287,-0.2015382469819561,0.005170580926227144,0.0029880899805942067,5
0.25,0.14285714285714285,0.25,0.33645949316181656,0.0,0.0014006619710294854,1.158472440383596e-19,5
0.25,0.14285714285714285,0.25,-0.9393545027621714,0.0,-6.755746604479613e-05,1.5344123361217422e-20,5
0.25,0.14285714285714285,0.25,-0.33592568258804534,0.796801150497212,-1.1680934699116576e-05,-6.327163868079552e-05,5
0.25,0.14285714285714285,0.25,-0.33592568258804534,-0.796801150497212,-1.1680934699116554e-05,6.327163868079554e-05,5
0.2,0.14285714285714285,0.25,-0.8401891571993376,0.29663769915933436,-3.2831233775627584e-05,-2.2652398693563945e-05,5
0.2,0.14285714285714285,0.25,-0.8401891571993376,-0.29663769915933436,-3.28312337756276e-05,2.2652398693563935e-05,5
0.2,0.14285714285714285,0.25,0.9117293688013834,0.339535025659697,2.0429090050988493e-05,1.4018310889287072e-05,5
0.2,0.14285714285714285,0.25,0.9117293688013834,-0.339535025659697,2.0429090050988497e-05,-1.4018310889287072e-05,5
0.14285714285714285,0.14285714285714285,0.25,-0.3654257390297247,0.9506962727976956,-5.979710982480001e-06,1.0577813958644017e-05,5
0.14285714285714285,0.14285714285714285,0.25,-0.3654257390297247,-0.9506962727976956,-5.979710982479996e-06,-1.0577813958644012e-05,5
0.14285714285714285,0.14285714285714285,0.25,0.7172649708806196,0.0,8.624765909966787e-05,1.4946954820725775e-20,5
0.14285714285714285,0.14285714285714285,0.25,0.9277174616524393,0.0,2.4562753321365245e-05,9.472681844577244e-21,5
0.1,0.14285714285714285,0.25,0.3517427608540429,0.9347128128841451,1.771725512505486e-05,1.5822826634093504e-05,5
0.1,0.14285714285714285,0.25,0.3517427608540429,-0.9347128128841451,1.7717255125054898e-05,-1.582282663409353e-05,5
0.1,0.14285714285714285,0.25,-0.8376789929880344,0.5504519308625456,1.330666977631831e-05,-1.1522492923271984e-05,5
0.1,0.14285714285714285,0.25,-0.8376789929880344,-0.5504519308625456,1.3306669776318294e-05,1.1522492923271969e-05,5
0.5,0.14285714285714285,0.2,0.4536137255187987,0.0,-0.0046922681751056594,5.1804866977244765e-17,5
0.5,0.14285714285714285,0.2,0.161460049581841,0.0,0.04787699581713542,-1.7538772486877954e-16,5
0.5,0.14285714285714285,0.2,-0.19991688212643044,0.8222825753810126,-4.358444369821175e-05,-0.00011134684074920813,5
0.5,0.14285714285714285,0.2,-0.19991688212643044,-0.8222825753810126,-4.3584443698217824e-05,0.00011134684074920908,5
0.3333333333333333,0.14285714285714285,0.2,-0.7335780202140694,0.534694716616981,-1.1594749382043952e-06,-2.9481537595827705e-05,5
0.3333333333333333,0.14285714285714285,0.2,-0.7335780202140694,-0.534694716616981,-1.1594749382046567e-06,2.948153759582941e-05,5
0.3333333333333333,0.14285714285714285,0.2,0.44997632665233933,0.0,0.00043275960727913275,-1.2782231176639847e-18,5
0.3333333333333333,0.14285714285714285,0.2,0.017874882840427653,0.0,0.145850596248119,2.1141981885236318e-17,5
0.25,0.14285714285714285,0.2,0.31221594637636796,0.5180273319444195,0.0002299334739667311,-0.0002968226812063009,5
0.25,0.14285714285714285,0.2,0.31221594637636796,-0.5180273319444195,0.00022993347396673105,0.00029682268120630076,5
0.25,0.14285714285714285,0.2,-0.7533029526667918,0.3669801977187243,1.407010144347336e-06,-4.3203658783701005e-05,5
0.25,0.14285714285714285,0.2,-0.7533029526667918,-0.3669801977187243,1.4070101443474309e-06,4.320365878370082e-05,5
0.2,0.14285714285714285,0.2,0.35522715225321383,0.8907995428436422,-2.9808408125835543e-05,-2.7525722974985297e-05,5
0.2,0.14285714285714285,0.2,0.35522715225321383,-0.8907995428436422,-2.9808408125835563e-05,2.7525722974985263e-05,5
0.2,0.14285714285714285,0.2,-0.32851318447357186,0.0,-0.0002911719571849989,-6.818807261484076e-20,5
0.2,0.14285714285714285,0.2,0.8700432549396071,0.0,-3.5131401116226395e-05,-6.124531116618073e-20,5
0.14285714285714285,0.14285714285714285,0.2,-0.9304440874592483,0.0,-2.8554541716510775e-05,1.8009706990760893e-21,5
0.14285714285714285,0.14285714285714285,0.2,0.5065618122039335,0.8961626593327331,5.324004653696977e-06,9.322703881780337e-06,5
0.14285714285714285,0.14285714285714285,0.2,0.5065618122039335,-0.8961626593327331,5.324004653696978e-06,-9.322703881780332e-06,5
0.1,0.14285714285714285,0.2,1.0121755280141644,0.0,-1.80878184507044e-05,-4.9763501229097355e-22,5
0.1,0.14285714285714285,0.2,0.046878804811056426,0.7837376481050582,-6.947372429395004e-05,4.1936707274059963e-05,5
0.1,0.14285714285714285,0.2,0.046878804811056426,-0.7837376481050582,-6.947372429395006e-05,-4.193670727406003e-05,5
0.1,0.14285714285714285,0.2,0.11619704935749021,0.0,0.001439226573525821,-7.597003451310449e-20,5
0.1,0.14285714285714285,0.1,-0.3279054114245041,0.9596250199782798,7.89123583171996e-06,-6.2825248837291185e-06,5
0.1,0.14285714285714285,0.1,-0.3279054114245041,-0.9596250199782798,7.891235831719942e-06,6.282524883729112e-06,5
0.1,0.14285714285714285,0.1,0.5067749335077489,0.0,0.00011226581914897625,5.245588210177637e-22,5
0.1,0.14285714285714285,0.1,-0.9943034750306167,0.0,1.4525657194403007e-05,-2.2349578231393552e-20,5
0.5,0.1,0.5,-0.5448309480405168,0.0,5.5915444227478244e-05,1.0832800231940325e-20,5
0.5,0.1,0.5,0.5433936396287062,0.5020078157455107,0.0002229472223644282,-6.733671837574704e-05,5
0.5,0.1,0.5,0.5433936396287062,-0.5020078157455107,0.00022294722236442777,6.733671837574681e-05,5
0.5,0.1,0.5,0.0732884959365344,0.0,0.025938384188042236,-2.1436327648011076e-18,5
0.3333333333333333,0.1,0.5,-0.05533039586449012,0.0,-0.03813762376920891,1.6112633091183222e-20,5
0.3333333333333333,0.1,0.5,1.0141061079460043,0.0,1.5601526396873283e-05,8.83894548188518e-24,5
0.25,0.1,0.5,-0.24016347640940955,0.901760621599252,2.8383621073795294e-05,1.851144701304404e-05,5
0.25,0.1,0.5,-0.24016347640940955,-0.901760621599252,2.838362107379592e-05,-1.8511447013044018e-05,5
0.25,0.1,0.5,-0.07070090328823132,0.0,-0.006462614157991473,-1.2323034745751424e-17,5
0.2,0.1,0.5,0.497556434947897,0.8046837188976477,-1.1935914266000926e-05,3.4872703444908335e-05,5
0.2,0.1,0.5,0.497556434947897,-0.8046837188976477,-1.1935914266000814e-05,-3.4872703444908274e-05,5
0.2,0.1,0.5,0.08284751128776946,0.0,0.0012309410679060993,6.8825430058540965e-19,5
0.2,0.1,0.5,1.018428764078088,0.0,1.0720310198405678e-05,-1.3524045766398186e-19,5
0.14285714285714285,0.1,0.5,-0.86833829322625,0.14575797364156493,4.3369451874431954e-05,-6.235024113613219e-05,5
0.14285714285714285,0.1,0.5,-0.86833829322625,-0.14575797364156493,4.3369451874432056e-05,6.235024113613208e-05,5
0.14285714285714285,0.1,0.5,-0.055945653916447444,0.8936476462231704,2.8073741382443206e-05,-3.9918828132762506e-05,5
0.14285714285714285,0.1,0.5,-0.055945653916447444,-0.8936476462231704,2.8073741382443247e-05,3.9918828132762506e-05,5
0.1,0.1,0.5,-0.45330314085198686,0.7396839031461707,6.172594141567748e-05,-7.864568757869438e-06,5
0.1,0.1,0.5,-0.45330314085198686,-0.7396839031461707,6.172594141567747e-05,7.864568757869348e-06,5
0.1,0.1,0.5,0.7082822929434991,0.4827526586965742,4.554613373994758e-05,-1.352953597964372e-05,5
0.1,0.1,0.5,0.7082822929434991,-0.4827526586965742,4.554613373994767e-05,1.352953597964374e-05,5
0.5,0.1,0.3333333333333333,0.3386475068436896,0.0,0.003981571409389093,-4.36681146491786e-17,5
0.5,0.1,0.3333333333333333,-0.12674141201306807,0.0,-0.04005558674040207,-1.3406935961344644e-16,5
0.5,0.1,0.3333333333333333,-0.5763744838028506,0.8041163472643372,1.704049338582251e-05,-3.2760663451448867e-06,5
0.5,0.1,0.3333333333333333,-0.5763744838028506,-0.8041163472643372,1.7040493385831542e-05,3.276066345137853e-06,5
0.3333333333333333,0.1,0.3333333333333333,0.9244762917309763,0.0,6.437114770739499e-05,4.5917453253049005e-19,5
0.3333333333333333,0.1,0.3333333333333333,0.08987572661501125,0.0,0.02023098530294734,-2.515740651558485e-17,5
0.3333333333333333,0.1,0.3333333333333333,0.28728873603021754,0.644116151759451,-1.5233402682036482e-05,-2.652566082711482e-05,5
0.3333333333333333,0.1,0.3333333333333333,0.28728873603021754,-0.644116151759451,-1.5233402682036468e-05,2.6525660827119595e-05,5
0.25,0.1,0.3333333333333333,0.3183781007689874,0.6011971244319456,0.000326648670692385,1.379153525923948e-05,5
0.25,0.1,0.3333333333333333,0.3183781007689874,-0.6011971244319456,0.00032664867069238484,-1.3791535259239466e-05,5
0.25,0.1,0.3333333333333333,0.5753196809007577,0.17645619331016055,8.061864655726598e-05,-0.0002391176351373677,5
0.25,0.1,0.3333333333333333,0.5753196809007577,-0.17645619331016055,8.061864655726613e-05,0.0002391176351373675,5
0.2,0.1,0.3333333333333333,0.1724844223803413,1.0013346763287623,-1.6262502388840735e-05,-1.3061581529425155e-05,5
0.2,0.1,0.3333333333333333,0.1724844223803413,-1.0013346763287623,-1.6262502388840718e-05,1.3061581529425135e-05,5
0.2,0.1,0.3333333333333333,-0.9264641562047126,0.0,-4.1295069906301156e-05,-1.4402310472797645e-21,5
0.2,0.1,0.3333333333333333,-0.47763301666159796,0.0,6.61356665864135e-05,5.933368555934363e-21,5
0.14285714285714285,0.1,0.3333333333333333,0.7934024455512461,0.34137021604071605,4.4669604670913386e-05,-3.050955841500515e-05,5
0.14285714285714285,0.1,0.3333333333333333,0.7934024455512461,-0.34137021604071605,4.466960467091338e-05,3.050955841500515e-05,5
0.14285714285714285,0.1,0.3333333333333333,-0.572483750555216,0.4741366963710173,5.286285785355823e-05,3.6926618505862282e-06,5
0.14285714285714285,0.1,0.3333333333333333,-0.572483750555216,-0.4741366963710173,5.286285785355829e-05,-3.692661850586242e-06,5
0.1,0.1,0.3333333333333333,0.8279801842453857,0.27264474018772705,6.799960983116485e-05,5.283744717955498e-05,5
0.1,0.1,0.3333333333333333,0.8279801842453857,-0.27264474018772705,6.79996098311649e-05,-5.2837447179554795e-05,5
0.1,0.1,0.3333333333333333,0.21577456134879888,0.0,-0.00037424143355572033,1.521304321692106e-19,5
0.1,0.1,0.3333333333333333,-0.9818789478208294,0.0,-2.4318267362565287e-05,7.053132268965908e-22,5
0.3333333333333333,0.1,0.25,-0.21964788818098077,0.906382139968882,1.3326669152149324e-05,5.77450076168285e-06,5
0.3333333333333333,0.1,0.25,-0.21964788818098077,-0.906382139968882,1.332666915215072e-05,-5.774500761687109e-06,5
0.3333333333333333,0.1,0.25,0.9758879104656967,0.0,1.705280787042653e-05,1.5863597741326185e-18,5
0.3333333333333333,0.1,0.25,0.03950449676066895,0.0,0.06321673113858793,-3.717299144286997e-19,5
0.25,0.1,0.25,-0.5335803317151386,0.0,5.170386322243617e-05,9.918806517251268e-21,5
0.25,0.1,0.25,0.08021397534997479,0.0,0.01281662846619216,7.921477475490277e-18,5
0.25,0.1,0.25,0.6866404044265209,0.585385225662518,-1.6800771511262993e-05,4.600271193106009e-05,5
0.25,0.1,0.25,0.6866404044265209,-0.585385225662518,-1.6800771511262993e-05,-4.6002711931060814e-05,5
0.14285714285714285,0.1,0.25,-0.4737887168609449,0.0,-6.648993588278566e-05,9.749664217020217e-21,5
0.14285714285714285,0.1,0.25,0.7982190484096955,0.5901637666861739,2.3527957957004744e-05,-9.894278657253086e-07,5
0.14285714285714285,0.1,0.25,0.7982190484096955,-0.5901637666861739,2.3527957957004713e-05,9.894278657253016e-07,5
0.1,0.1,0.25,-0.33824720784088613,0.8865900271947041,3.595744215678746e-05,2.1195360195218842e-05,5
0.1,0.1,0.25,-0.33824720784088613,-0.8865900271947041,3.5957442156787476e-05,-2.1195360195218822e-05,5
0.1,0.1,0.25,0.9721172212961384,0.06295562407601074,-4.37079160800301e-07,2.7256344297195766e-05,5
0.1,0.1,0.25,0.9721172212961384,-0.06295562407601074,-4.3707916080028813e-07,-2.7256344297195776e-05,5
0.5,0.1,0.2,-0.9840166154058491,0.0,2.6768706414741165e-05,3.412380730029831e-20,5
0.5,0.1,0.2,0.07612854799932078,0.13055000721578525,0.05200768568742381,0.01149674956987905,5
0.5,0.1,0.2,0.07612854799932078,-0.13055000721578525,0.052007685687423665,-0.011496749569879162,5
0.5,0.1,0.2,0.5144418775394005,0.0,0.0002507305927320433,-1.5529770528315723e-17,5
0.3333333333333333,0.1,0.2,-0.020295794696948977,0.0,-0.12918851682813517,1.2762189703287378e-19,5
0.3333333333333333,0.1,0.2,-0.9588748119609147,0.0,-4.211587562652941e-05,-8.222282039198597e-20,5
0.3333333333333333,0.1,0.2,-0.6615602886432503,0.673605380379351,1.8682267083943346e-05,-1.306132572542127e-05,5
0.3333333333333333,0.1,0.2,-0.6615602886432503,-0.673605380379351,1.868226708394347e-05,1.306132572542116e-05,5
0.2,0.1,0.2,-0.5708343575871978,0.7762047967213263,-2.847866787833248e-05,1.0912537566848933e-06,5
0.2,0.1,0.2,-0.5708343575871978,-0.7762047967213263,-2.8478667878332358e-05,-1.0912537566849102e-06,5
0.2,0.1,0.2,0.7667338713561,0.1503141925864805,0.00017987356881448387,0.00021013927954517458,5
0.2,0.1,0.2,0.7667338713561,-0.1503141925864805,0.00017987356881448398,-0.0002101392795451745,5
0.14285714285714285,0.1,0.2,-0.9894897841948029,0.0,-1.2900795468246967e-05,-2.1369013582285617e-22,5
0.14285714285714285,0.1,0.2,0.9681145078599361,0.0,-1.2787141550397102e-05,-1.4309282958620986e-20,5
0.1,0.1,0.2,-0.3939583662959147,0.812596125317808,-4.5361655447155096e-05,-1.7673979093961697e-05,5
0.1,0.1,0.2,-0.3939583662959147,-0.812596125317808,-4.5361655447155056e-05,1.76739790939617e-05,5
0.1,0.1,0.2,-0.8246215898660618,0.39949245418323215,2.7853451368693767e-05,-2.7173775363629505e-05,5
0.1,0.1,0.2,-0.8246215898660618,-0.39949245418323215,2.785345136869376e-05,2.717377536362952e-05,5
